Source,Family,Genera,Species,Individuals Observed,Location,Longitude,Latitude,Country,Usual Pattern,Unusual Pattern,Pattern Notes,Iris color,Lifestage,Citation,Year,Notes
Sci Lit,Hylidae,Acris,Acris crepitans,1,Virginia,-78.6569,37.4316,USA,,dorsal axanthic mosaic,"Blue pigmentation was apparent on the dorsum. It was a mottled phenotype of tan/grey, green, and blue. The frog appeared to be an axanthic mosaic animal in that it was not entirely lacking xanthophores (evident in its green coloration). Many other A. crepitans have been seen at the hatchery across many years, by many observers, and none have been. noticed to exhibit this phenotypic coloration. I",NA,juvenile,Volume 44. Issue . ACRIS CREPITANS (Northern Cricket Frog). AXANTHISM,,
iNat,Hylidae,Agalychnis,Agalychnis callidryas,1,Costa Rica,10.731335,-85.058415,Costa Rica,Green,Blue,Partial body ,N/A,Adult,https://www.inaturalist.org/observations/100456051,2021,
iNat,Hylidae,Agalychnis,Agalychnis dacnicolor,1,"Cuernavaca, Mor., México",18.9242095,-99.2215659,Mexico,Green,Blue,Whole body,N/A,Adult,https://www.inaturalist.org/observations/75584907,2019,
iNat,Hylidae,Agalychnis,Agalychnis dacnicolor,1,"Escuinapa, Sin., México",22.74805695,-105.8968775,Mexico,Green,Blue,Whole body,N/A,Adult,https://www.inaturalist.org/observations/19547423,2015,
iNat,Hylidae,Agalychnis,Agalychnis dacnicolor,1,"San Pedro Pochutla, Oax., México",15.76984227,-96.44498334,Mexico,Green,Blue,Whole body,N/A,Adult,https://www.inaturalist.org/observations/41582400,2019,
iNat,Hylidae,Agalychnis,Agalychnis dacnicolor,1,"Tlaquiltenango, Mor., México",18.45616283,-99.11865234,Mexico,Green,Blue,Whole body,N/A,Adult,https://www.inaturalist.org/observations/30944022,2019,
iNat,Bufonidae,Anaxyrus,Anaxyrus fowleri,1,"Alabama, USA",34.04059167,-86.0232,USA,Brown ,Blue ,Partial body ,N/A,Adult,https://www.inaturalist.org/observations/25203025,2019,injured?
iNat,Bufonidae,Anaxyrus,Anaxyrus americanus,1,"Kansas, USA",37.35005499,-94.80033481,USA,Brown ,Blue ,Partial body ,N/A,Adult ,https://www.inaturalist.org/observations/81390542,2021,
iNat,Bufonidae,Anaxyrus,Anaxyrus americanus,1,"Maryland, USA",39.55908333,-76.31389667,USA,Brown ,Blue ,Partial body ,N/A,Adult,https://www.inaturalist.org/observations/82558374,2021,
iNat,Bufonidae,Anaxyrus,Anaxyrus americanus,1,"Michigan Lake Plain, MI, USA",43.979195,-86.43208333,USA,Brown ,Blue ,Partial body,N/A,Adult,https://www.inaturalist.org/observations/82782669,2021,
iNat,Bufonidae,Anaxyrus,Anaxyrus americanus,1,"Ohio, USA",41.33018667,-81.581475,USA,Brown ,Blue ,Partial body ,N/A,Adult,https://www.inaturalist.org/observations/82170164,2021,
iNat,Bufonidae,Anaxyrus,Anaxyrus americanus,1,"Portage, ME 04768, USA",46.86856944,-68.854825,,Brown,Blue,Whole Body,N/A,Adult,https://www.inaturalist.org/observations/78992789,2020,
iNat,Bombinatoridae,Bombina,Bombina orientalis,1,Korea,37.990751,127.606888,Korea,Green,Turquoise,Partial body ,N/A,Adult,https://www.inaturalist.org/observations/350092,2006,
iNat,Mantellidae,Boophis,Boophis septentrionalis,1,Madagascar,-12.77220266,49.17443991,Madagascar,Green,Blue,Partial body ,N/A,Adult,https://www.inaturalist.org/observations/36531,2009,injured?
iNat,Bufonidae,Bufo,Bufo bufo,1,"01015, Sutri, Lazio, IT",42.22027729,12.23008135,Italy,Yellow/Brown,Blue,Partial body,N/A,Adult,https://www.inaturalist.org/observations/26664576,2019,
iNat,Bufonidae,Bufo,Bufo bufo,1,"41020 Riolunato MO, Italia",44.21542856,10.6900198,Italy,Yellow/Brown,Blue,Whole body,N/A,Adult,https://www.inaturalist.org/observations/31553556,2017,kinda green
iNat,Bufonidae,Bufo,Bufo bufo,1,"4876 Etten-Leur, Nederland",51.52000046,4.645555496,Netherlands,Yellow/Brown,Blue,Partial body (injury site?),N/A,Juvenile,https://www.inaturalist.org/observations/27048364,2019,
iNat,Bufonidae,Bufo,Bufo bufo,1,"86020 Spinete CB, Italia",41.5467032,14.4893732,Italy,Yellow/Brown,Blue,Whole body (where white/light),N/A,Adult,https://www.inaturalist.org/observations/28492974,2019,
iNat,Bufonidae,Bufo,Bufo bufo,1,"90650 Oulu, Suomi",65.03087756,25.7959665,Finland,Yellow/Brown,Blue/Dark,Whole body,N/A,Adult,https://www.inaturalist.org/observations/64848588,2015,
iNat,Bufonidae,Bufo,Bufo bufo,1,Czech Republic,50.02510558,14.46694272,Czech Republic,Yellow/Brown,Blue/Red,Whole body,N/A,Adult,https://www.inaturalist.org/observations/27340533,2019,
iNat,Bufonidae,Bufo,Bufo bufo,1,England,51.95704167,-2.94437833,England,Yellow/Brown,Blue/Red,Whole body,N/A,Adult,https://www.inaturalist.org/observations/42113054,2020,
iNat,Bufonidae,Bufo,Bufo bufo,1,Italy,39.3536979,16.0477735,Italy,Yellow/Brown,Blue/Red,Whole body,N/A,Adult,https://www.inaturalist.org/observations/7830894,2017,
iNat,Bufonidae,Bufo,Bufo bufo,1,"onezza del Cimone, Province of Vicenza, Italy",45.847887,11.33376,Italy,Yellow/Brown,Blue/Red,Whole body,N/A,Adult,https://www.inaturalist.org/observations/84760503,2021,could not add to iNat project
iNat,Bufonidae,Bufo,Bufo bufo,1,"Pescosolido FR, Italia",41.77668583,13.69910929,Italy,Yellow/Brown,Blue,Whole body,N/A,Adult,https://www.inaturalist.org/observations/96001887,2021,
iNat,Bufonidae,Bufo,Bufo bufo,1,"Province of Trento, Italy",46.133859,11.152554,,Yellow/Brown,Blue,Whole body,N/A,Adult,https://www.inaturalist.org/observations/34457542,2019,
iNat,Bufonidae,Bufo,Bufo bufo,1,"Rue de Rumelange, Esch-Sur-Alzette, Luxembourg, LU",49.48755333,6.00010833,Luxembourg,Yellow/Brown,Blue,Whole body,N/A,Adult,https://www.inaturalist.org/observations/47617811,2020,
Sci Lit,Bufonidae,Bufotes,Bufotes balearicus,1,Italy,12.5674,41.8719,Italy,brownish/tan,blue,,black,,"Bruni et al., 2020",,
iNat,Bufonidae,Bufotes,Bufotes balearicus,1,"Via Vittorio Alfieri, Novellara, Emilia-Romagna, IT",44.810375,10.68836167,Italy,White,Blue,Whole body (where white),N/A,Adult,https://www.inaturalist.org/observations/76629558,2021,
iNat,Pyxicephalidae,Cacosternum,Cacosternum boettgeri,1,South Africa,-25.636958,28.048564,South Africa,Green,Blue,Partial body ,N/A,Adult,https://www.inaturalist.org/observations/104020286,2021,
iNat,Dendrobatidae,Dendrobates,Dendrobates auratus,1,(private),,,,Green,Blue,Whole body,N/A,Adult,https://www.inaturalist.org/observations/99955455,2021,
iNat,Dendrobatidae,Dendrobates,Dendrobates auratus,1,"Besiko, Panama",8.466876019,-82.04434443,Panama,Green,Blue,Whole body,N/A,Adult,https://www.inaturalist.org/observations/23935099,2018,
iNat,Dendrobatidae,Dendrobates,Dendrobates auratus,1,"Colce Province, Panama",8.729166985,-80.41333008,Panama,Green,Blue,Whole body,N/A,Adult,https://www.inaturalist.org/observations/23436201,2018,
iNat,Dendrobatidae,Dendrobates,Dendrobates auratus,1,"Comarca, Panama",8.661039425,-81.77870214,Panama,Green,Blue,Whole body,N/A,Adult,https://www.inaturalist.org/observations/97422987,2019,
iNat,Dendrobatidae,Dendrobates,Dendrobates auratus,1,Costa Rica,9.658265628,-82.77329742,Costa Rica,Green/Black,Blue/Turquoise,Whole body,N/A,Adult,https://www.inaturalist.org/observations/29247186,2019,
iNat,Dendrobatidae,Dendrobates,Dendrobates auratus,1,"David, Panama",8.426302585,-82.42135171,Panama,Green,Blue,Whole body,N/A,Adult,https://www.inaturalist.org/observations/76266335,2019,
iNat,Dendrobatidae,Dendrobates,Dendrobates auratus,1,"David, Panama",8.433682544,-82.4194175,Panama,Green,Blue,Whole body,N/A,Adult,https://www.inaturalist.org/observations/27208489,2019,
iNat,Dendrobatidae,Dendrobates,Dendrobates auratus,1,"Dolega, Panama",8.514945932,-82.41488323,Panama,Green,Blue,Whole body,N/A,Adult,https://www.inaturalist.org/observations/26683523,2019,
iNat,Dendrobatidae,Dendrobates,Dendrobates auratus,1,"El Rincon, Panama",8.174761772,-81.41848755,Panama,Green,Blue,Whole body,N/A,Adult,https://www.inaturalist.org/observations/19986713,2018,
iNat,Dendrobatidae,Dendrobates,Dendrobates auratus,1,"Las Palmas, Panama",8.207026072,-81.42113317,Panama,Green,Blue,Whole body,N/A,Adult,https://www.inaturalist.org/observations/23098017,2019,
iNat,Dendrobatidae,Dendrobates,Dendrobates auratus,1,"Limon, Costa Rica",9.659261496,-82.74777955,Costa Rica,Green,Blue,Whole body,N/A,Adult,https://www.inaturalist.org/observations/98720913,2021,
iNat,Dendrobatidae,Dendrobates,Dendrobates auratus,1,"Limon, Costa Rica",9.739895,-82.845245,Costa Rica,Green,Blue,Whole body,N/A,Adult,https://www.inaturalist.org/observations/33146379,2018,
iNat,Dendrobatidae,Dendrobates,Dendrobates auratus,1,"Los Algarrobos, Panama",8.51545582,-82.41791937,Panama,Green,Blue,Whole body,N/A,Adult,https://www.inaturalist.org/observations/42987241,2020,
iNat,Dendrobatidae,Dendrobates,Dendrobates auratus,1,"Muna, Panama",8.34010601,-81.62815857,Panama,Green,Blue,Whole body,N/A,Adult,https://www.inaturalist.org/observations/26902023,2019,
iNat,Dendrobatidae,Dendrobates,Dendrobates auratus,1,"Nurum, Panama",8.475937843,-81.17950439,Panama,Green,Blue,Whole body,N/A,Adult,https://www.inaturalist.org/observations/20942237,2019,
iNat,Dendrobatidae,Dendrobates,Dendrobates auratus,1,"Ojo de Agua, Panama",8.587248824,-80.63563652,Panama,Green,Blue,Whole body,N/A,Adult,https://www.inaturalist.org/observations/50668376,2020,
iNat,Dendrobatidae,Dendrobates,Dendrobates auratus,1,Panama,8.381482,-81.024875,Panama,Green,Blue,Whole body,N/A,Adult,https://www.inaturalist.org/observations/101940373,2021,
iNat,Dendrobatidae,Dendrobates,Dendrobates auratus,1,Panama,8.428868,-82.496807,Panama,Green/Black,Blue/Turquoise,Whole body,N/A,Adult,https://www.inaturalist.org/observations/78786804,2021,
iNat,Dendrobatidae,Dendrobates,Dendrobates auratus,1,Panama,8.482848924,-82.41314683,Panama,Green/Black,Blue/Turquoise,Whole body,N/A,Adult,https://www.inaturalist.org/observations/43158210,2020,
iNat,Dendrobatidae,Dendrobates,Dendrobates auratus,1,Panama,8.650325678,-80.63506374,Panama,Green,Blue,Whole body,N/A,Adult,https://www.inaturalist.org/observations/122495,2012,
iNat,Dendrobatidae,Dendrobates,Dendrobates auratus,1,Panama,8.878818,-79.798534,Panama,Green/Black,Blue/Turquoise,Whole body,N/A,Adult,https://www.inaturalist.org/observations/71571225,2021,
iNat,Dendrobatidae,Dendrobates,Dendrobates auratus,1,Panama,9.000466826,-80.68572115,Panama,Green/Black,Blue/Turquoise,Whole body,N/A,Adult,https://www.inaturalist.org/observations/29878011,2019,
iNat,Dendrobatidae,Dendrobates,Dendrobates auratus,1,Panama,9.713290215,-82.81629944,Panama,Green/Black,Blue/Turquoise,Whole body,N/A,Adult,https://www.inaturalist.org/observations/89806159,2021,
iNat,Dendrobatidae,Dendrobates,Dendrobates auratus,1,"Penonome, Panama",8.557420687,-80.37093233,Panama,Green,Blue/White,Whole body,N/A,Adult,https://www.inaturalist.org/observations/42675618,2020,
iNat,Dendrobatidae,Dendrobates,Dendrobates auratus,1,"San Fransisco, Panama",8.331114365,-80.98988188,Panama,Green,Blue,Whole body,N/A,Adult,https://www.inaturalist.org/observations/20187439,2014,
iNat,Dendrobatidae,Dendrobates,Dendrobates auratus,1,"Santa Fe, Panama",8.482516321,-81.08247947,Panama,Green,Blue,Whole body,N/A,Adult,https://www.inaturalist.org/observations/69518061,2021,
iNat,Dendrobatidae,Dendrobates,Dendrobates auratus,1,"Santa Fe, Panama",8.525044082,-81.05965789,Panama,Green,Blue,Whole body,N/A,Adult,https://www.inaturalist.org/observations/69800018,2009,
iNat,Dendrobatidae,Dendrobates,Dendrobates auratus,1,"Sarapiqui, Costa Rica",10.29787771,-84.04191732,Costa Rica,Green,Blue,Whole body,N/A,Adult,https://www.inaturalist.org/observations/19806360,2019,
iNat,Dendrobatidae,Dendrobates,Dendrobates auratus,1,"Sona, Panama",8.11520765,-81.29428119,Panama,Green,Blue,Whole body,N/A,Adult,https://www.inaturalist.org/observations/78931226,2021,
iNat,Dendrobatidae,Dendrobates,Dendrobates auratus,1,"Veraguas, Panama",8.278125,-81.21268333,Panama,Green,Blue,Whole body,N/A,Adult,https://www.inaturalist.org/observations/23915007,2019,
Sci Lit,Dendrobatidae,Dendrobates,Dendrobates auratus,NA,,,,,green/black,blue/black,,,,"Savage, J.M. 2002. The Amphibians and Reptiles of Costa Rica: A Herpetofauna between two Continents, between two Seas. The University of Chicago Press. Chicago. 934 pp; Stuckert et al. 2019",,
iNat,Centrolenidae,Espadarana,Espadarana durrellorum,1,"Pompeya, Ecuador",-0.406332972,-76.66211097,,Green,Blue,Partial body,N/A,Adult,https://www.inaturalist.org/observations/99843614,2021,
iNat,Dicroglossidae,Euphlyctis,Euphlyctis cyanophyctis,1,"Karnataka, India",12.88310848,77.46764962,India,Green,Blue/White,Whole body,N/A,Adult,https://www.inaturalist.org/observations/79566155,2021,
iNat,Alsodidae,Eupsophus,Eupsophus calcaratus,1,Chile,-41.90250961,-72.406556,Chile,Light brown/yellow,Blue,Partial body ,N/A,Adult,https://www.inaturalist.org/observations/39635696,2013,
iNat,Dicroglossidae,Hoplobatrachus,Hoplobatrachus rugulosus,1,Thailand,13.73731113,100.5319083,Thailand,Green/Brown,Turquoise,Partial body,N/A,Adult,https://www.inaturalist.org/observations/72497222,2013,
iNat,Dicroglossidae,Hoplobatrachus,Hoplobatrachus rugulosus,1,Vietnam,9.7731921,105.4537082,Vietnam,Green/Brown,Turquoise,Partial body,N/A,Adult,https://www.inaturalist.org/observations/9678656,2018,
News or Social,Hylidae,Hyla,Hyla meridionalis,1,?,,,,,,,,,https://twitter.com/frogs_friends/status/1276813141494697985,,
iNat,Hylidae,Hyla,Hyla meridionalis,1,(private),,,,Green,Blue,Partial body,N/A,Adult,https://www.inaturalist.org/observations/39297523,2018,
iNat,Hylidae,Hyla,Hyla meridionalis,1,(private),,,,Green,Blue,Whole body,N/A,Adult,https://www.inaturalist.org/observations/39297524,2018,
iNat,Hylidae,Hyla,Hyla cinerea,1,"Abita Springs, LA, USA",30.47750056,-90.03666295,Italy,Green,Blue,Partial body,N/A,Adult,https://www.inaturalist.org/observations/58939623,2020,
iNat,Hylidae,Hyla,Hyla cinerea,1,"Alabama , USA",34.96510405,-85.69124979,USA,Green,Blue,Whole body,N/A,Adult,https://www.inaturalist.org/observations/43006918,2020,duplicate record? https://www.inaturalist.org/observations/43008358
iNat,Hylidae,Hyla,Hyla meridionalis,1,"Aubais, France",43.75482178,4.147212029,France,Green,Blue,Partial body,N/A,Juvenile?,https://www.inaturalist.org/observations/76897517,2021,
iNat,Hylidae,Hyla,Hyla meridionalis,1,"Barcelona, Spain",41.49159544,2.022262352,Spain,Green,Blue,Whole body,N/A,Adult,https://www.inaturalist.org/observations/24564306,2018,
iNat,Hylidae,Hyla,Hyla arborea,1,"Briollay, France",47.59042075,-0.46631109,France,Green,Blue,Whole body,N/A,Adult,https://www.inaturalist.org/observations/28953355,2018,
iNat,Hylidae,Hyla,Hyla versicolor - chrysoscelis (complex),1,"Connecticut, USA",41.37356094,-73.33397821,USA,Green,Blue,Partial body ,N/A,Adult,https://www.inaturalist.org/observations/32299255,2019,
iNat,Hylidae,Hyla,Hyla japonica,1,"Dunpo-myeon, South Korea",36.93005521,127.015553,South Korea,Green,Blue,Whole body,N/A,Adult,https://www.inaturalist.org/observations/26994500,2019,
iNat,Hylidae,Hyla,Hyla cinerea,1,"Florida, USA",28.29352744,-81.54277296,USA,Green,Blue,Partial body,N/A,Adult,https://www.inaturalist.org/observations/62267492,2020,
iNat,Hylidae,Hyla,Hyla cinerea ,1,"Florida, USA",28.51009858,-81.07070223,USA,Green,Blue,Partial body,N/A,Adult,https://www.inaturalist.org/observations/26727811,2018,
iNat,Hylidae,Hyla,Hyla cinerea ,1,"Florida, USA",28.63715333,-82.42540833,USA,Green,Blue,Partial body,N/A,Adult,https://www.inaturalist.org/observations/21543583,2019,
iNat,Hylidae,Hyla,Hyla cinerea ,1,"Florida, USA",28.79508833,-82.03900283,USA,Green,Blue,Partial body,N/A,Adult,https://www.inaturalist.org/observations/80369897,2021,
iNat,Hylidae,Hyla,Hyla cinerea ,1,"Florida, USA",28.79515982,-82.03896126,USA,Green ,Blue ,Whole body ,N/A,Adult,https://www.inaturalist.org/observations/78608332,2021,
iNat,Hylidae,Hyla,Hyla cinerea ,1,"Georgia, USA",31.250355,-81.27954,USA,Green,Blue,Partial body,N/A,Adult,https://www.inaturalist.org/observations/35432922,2019,
iNat,Hylidae,Hyla,Hyla gratiosa,1,"Georgia, USA",33.054571,-84.15575,USA,Green,Turquoise,Partial body,N/A,Adult,https://www.inaturalist.org/observations/373812,2013,
iNat,Hylidae,Hyla,Hyla arborea,1,Germany,51.54074167,13.00549445,Germany,Green,Blue,Partial body ,N/A,Adult,https://www.inaturalist.org/observations/30602574,2019,
iNat,Hylidae,Hyla,Hyla meridionalis,1,"Gerona, Spain",42.25342942,3.25339285,Spain,Green,Blue,Whole body,N/A,Adult,https://www.inaturalist.org/observations/77660974,2012,
iNat,Hylidae,Hyla,Hyla meridionalis,1,"Gerona, Spain",42.33049088,2.874047413,Spain,Green,Blue,Partial body,N/A,Adult,https://www.inaturalist.org/observations/38749392,2020,
iNat,Hylidae,Hyla,Hyla meridionalis,1,"Gerona, Spain",42.3576919,3.023858741,Spain,Green,Blue,Partial body,N/A,Adult,https://www.inaturalist.org/observations/64164236,2020,
iNat,Hylidae,Hyla,Hyla cinerea ,1,"Illinois, USA",37.12668617,-88.48370333,USA,Green,Blue,Partial body,N/A,Adult,https://www.inaturalist.org/observations/24328463,2019,
iNat,Hylidae,Hyla,Hyla versicolor - chrysoscelis (complex),1,"Illinois, USA",41.2600409,-88.16787653,USA,Green,Blue,Partial body ,N/A,Adult,https://www.inaturalist.org/observations/32742835,2019,
iNat,Hylidae,Hyla,Hyla versicolor - chrysoscelis (complex),1,"Illinois, USA",41.79317172,-87.85343998,USA,Green,Blue,Whole body,N/A,Adult,https://www.inaturalist.org/observations/72820591,2021,hibernating? duplicate record https://www.inaturalist.org/observations/73824652
iNat,Hylidae,Hyla,Hyla versicolor - chrysoscelis (complex),1,"Illinois, USA",42.23542427,-89.23575097,USA,Green,Blue,Partial body ,N/A,Adult,https://www.inaturalist.org/observations/34726246,2019,
iNat,Hylidae,Hyla,Hyla versicolor - chrysoscelis (complex),1,"Illinois, USA",42.40195833,-89.44886667,USA,Green,Blue,Partial body,N/A,Adult,https://www.inaturalist.org/observations/78651131,2021,
iNat,Hylidae,Hyla,Hyla versicolor - chrysoscelis (complex),1,"Indiana, USA",41.32322986,-85.56078066,USA,Brown,Blue,Partial body,N/A,Adult,https://www.inaturalist.org/observations/39894090,2020,
iNat,Hylidae,Hyla,Hyla meridionalis,1,Italy,43.84033585,7.904699802,Italy,Green,Blue,Whole body,N/A,Adult,https://www.inaturalist.org/observations/15414229,2018,
Sci Lit,Hylidae,Hyla,Hyla japonica,1,Japan,138.2529,36.2048,Japan,,blue,,,juvenile,"Nishioka & Ueda, 1985, Jablonski et al. 2014",,
Sci Lit,Hylidae,Hyla,Hyla japonica,1,Japan,138.2529,36.2048,Japan,,blue,,,juvenile,"Nishioka & Ueda, 1985, Jablonski et al. 2014",,
iNat,Hylidae,Hyla,Hyla japonica,1,"Jukseong-dong, South Korea",36.74946333,126.4431333,South Korea,Green,Blue,Whole body,N/A,Adult,https://www.inaturalist.org/observations/26488229,2019,
iNat,Hylidae,Hyla,Hyla japonica,1,"Komsomolsk-on-Amur, Russia",50.728745,136.68695,Russia,Green,Blue/Silver,Whole body,N/A,Adult,https://www.inaturalist.org/observations/31332300,2019,
iNat,Hylidae,Hyla,Hyla meridionalis,1,"Liguria, Italy",44.14857783,8.27823833,Italy,Green,Blue,Whole body,N/A,Adult,https://www.inaturalist.org/observations/47122149,2020,
iNat,Hylidae,Hyla,Hyla cinerea ,1,"Louisiana, USA",30.47216394,-90.03757365,USA,Green,Blue,Partial body,N/A,Adult,https://www.inaturalist.org/observations/58738950,2020,
iNat,Hylidae,Hyla,Hyla versicolor - chrysoscelis (complex),1,"Manitoba, Canada",49.31804655,-97.14665697,Canada,Green,Blue,Whole body,N/A,Adult,https://www.inaturalist.org/observations/62205347,2020,
iNat,Hylidae,Hyla,Hyla versicolor - chrysoscelis (complex),1,"Massachusetts, USA",42.69016667,-70.98725,USA,Green,Blue,Whole body,N/A,Adult,https://www.inaturalist.org/observations/28647690,2017,
iNat,Hylidae,Hyla,Hyla versicolor - chrysoscelis (complex),1,"Michigan, USA",42.44357476,-84.13719457,USA,Green,Blue,Partial body,N/A,Adult,https://www.inaturalist.org/observations/57121172,2020,
iNat,Hylidae,Hyla,Hyla versicolor - chrysoscelis (complex),1,"Michigan, USA",42.81999969,-84.25111389,USA,Green,Blue,Whole body,N/A,Adult,https://www.inaturalist.org/observations/78821932,2021,
iNat,Hylidae,Hyla,Hyla versicolor - chrysoscelis (complex),1,"Minnesota, USA",44.71481964,-93.42644931,USA,Green,Blue,Partial body,N/A,Adult,https://www.inaturalist.org/observations/46504848,2020,
iNat,Hylidae,Hyla,Hyla versicolor,1,"New York, USA",43.003608, -77.068214,USA,Green,Blue,Partial body ,N/A,Adult,https://www.inaturalist.org/observations/100554292,2021,dead
iNat,Hylidae,Hyla,Hyla meridionalis,1,"Nisa, Portugal",39.51800041,-7.648376674,Portugal,Green,Blue,Partial body,N/A,Adult,https://www.inaturalist.org/observations/42748703,2019,
iNat,Hylidae,Hyla,Hyla cinerea ,1,"North Carolina, USA",35.07674044,-77.14060472,USA,Green,Blue,Partial body,N/A,Adult,https://www.inaturalist.org/observations/46320126,2020,
iNat,Hylidae,Hyla,Hyla cinerea ,1,"North Carolina, USA",35.1461717,-80.9157187,USA,Green,Blue,Partial body,N/A,Adult,https://www.inaturalist.org/observations/5980735,2017,
iNat,Hylidae,Hyla,Hyla cinerea ,1,"North Carolina, USA",35.62718667,-79.75743833,USA,Green,Blue,Partial body,N/A,Adult,https://www.inaturalist.org/observations/24893582,2019,
iNat,Hylidae,Hyla,Hyla cinerea ,1,"North Carolina, USA",35.82915151,-79.05813306,USA,Green,Blue,Partial body,N/A,Adult,https://www.inaturalist.org/observations/89464187,2021,
iNat,Hylidae,Hyla,Hyla cinerea ,1,"North Carolina, USA",35.849705,-78.41965397,USA,Green,Blue,Partial body,N/A,Adult,https://www.inaturalist.org/observations/39489847,2020,
iNat,Hylidae,Hyla,Hyla cinerea ,1,"North Carolina, USA",36.54099973,-75.99344558,USA,Green,Blue,Partial body,N/A,Adult,https://www.inaturalist.org/observations/45783613,2020,
iNat,Hylidae,Hyla,Hyla versicolor - chrysoscelis (complex),1,"Oklahoma, USA",35.3227704,-94.5460037,USA,Green,Blue,Partial body,N/A,Adult,https://www.inaturalist.org/observations/82558908,2021,
iNat,Hylidae,Hyla,Hyla cinerea ,1,"Oklahoma, USA",35.9269638,-95.21192876,USA,Green,Blue,Partial body,N/A,Adult,https://www.inaturalist.org/observations/93431074,2020,dead/injured
iNat,Hylidae,Hyla,Hyla versicolor - chrysoscelis (complex),1,"Ontario, Canada",43.70504095,-90.57940967,Canada,Green,Blue,Partial body,N/A,Adult,https://www.inaturalist.org/observations/46577267,2014,hibernating?
iNat,Hylidae,Hyla,Hyla versicolor - chrysoscelis (complex),1,"Ontario, Canada",44.48261,-77.29626,Canada,Green,Blue,Partial body,N/A,Adult,https://www.inaturalist.org/observations/47433608,2020,hibernating?
iNat,Hylidae,Hyla,Hyla versicolor - chrysoscelis (complex),1,"Ontario, Canada",45.17137137,-78.84278633,Canada,Green,Blue,Partial body ,N/A,Adult,https://www.inaturalist.org/observations/24943378,2019,hibernating?
iNat,Hylidae,Hyla,Hyla versicolor - chrysoscelis (complex),1,"Ontario, Canada",45.43090556,-75.59535278,Canada,Brown,Blue,Partial body,N/A,Adult,https://www.inaturalist.org/observations/32940719,2019,golf course
iNat,Hylidae,Hyla,Hyla meridionalis,1,"Portalegre, Portugal",39.52014979,-7.657974793,Portugal,Green,Blue,Partial body,N/A,Juvenile?,https://www.inaturalist.org/observations/42766540,2019,duplicate record? https://www.inaturalist.org/observations/34867595
iNat,Hylidae,Hyla,Hyla versicolor - chrysoscelis (complex),1,"Quebec, Canada",45.38759176,-74.19337485,Canada,Green,Blue,Partial body,N/A,Adult,https://www.inaturalist.org/observations/93268346,2021,
iNat,Hylidae,Hyla,Hyla versicolor - chrysoscelis (complex),1,"Quebec, Canada",47.36702167,-79.37270333,Canada,Green,Blue,Partial body ,N/A,Adult,https://www.inaturalist.org/observations/27188306,2019,
iNat,Hylidae,Hyla,Hyla japonica,1,"Seosan, Chungcheongnam-do, South Korea",36.747515,126.44156,South Korea,Green,Blue,Whole body,N/A,Adult,https://www.inaturalist.org/observations/27018371,2019,
iNat,Hylidae,Hyla,Hyla japonica,1,"Sinheung-dong, South Korea",35.93972397,126.9858322,South Korea,Green,Blue,Whole body,N/A,Adult,https://www.inaturalist.org/observations/3241029,2016,
iNat,Hylidae,Hyla,Hyla cinerea ,1,"South Carolina, USA",32.29778184,-81.09587308,USA,Green ,Blue ,Whole body ,N/A,Adult,https://www.inaturalist.org/observations/18832358,2018,
iNat,Hylidae,Hyla,Hyla cinerea ,1,"South Carolina, USA",32.92018383,-80.08542225,USA,Green,Blue,Partial body,N/A,Adult,https://www.inaturalist.org/observations/79428646,2021,
iNat,Hylidae,Hyla,Hyla cinerea ,1,"South Carolina, USA",33.43110531,-79.1540935,USA,Green,Blue,Partial body,N/A,Adult,https://www.inaturalist.org/observations/72896083,2021,
iNat,Hylidae,Hyla,Hyla meridionalis,1,Spain,42.222131,3.093094,Spain,Green,Blue,Whole body,N/A,Adult,https://www.inaturalist.org/observations/102735164,2014,
iNat,Hylidae,Hyla,Hyla versicolor - chrysoscelis (complex),1,"Tenessee, USA",36.3062077,-86.62553395,USA,Green,Blue,Partial body ,N/A,Adult,https://www.inaturalist.org/observations/26582573,2019,
iNat,Hylidae,Hyla,Hyla cinerea ,1,"Texas, USA",29.30441333,-95.283875,USA,Green ,Blue ,Partial body,N/A,Adult,https://www.inaturalist.org/observations/82328644,2021,
iNat,Hylidae,Hyla,Hyla cinerea ,1,"Texas, USA",29.636732,-95.660512,USA,Green ,Blue ,Whole body ,N/A,Adult,https://www.inaturalist.org/observations/2118470,2015,
iNat,Hylidae,Hyla,Hyla cinerea ,1,USA,38.79246177,-77.14830847,USA,Green,Blue,Full body,N/A,Adult,https://www.inaturalist.org/observations/95065087,2021,
iNat,Hylidae,Hyla,Hyla cinerea ,1,"Virginia, USA",38.6070281,-77.10902812,USA,Green,Blue,Full body,N/A,Adult,https://www.inaturalist.org/observations/95363669,2021,
iNat,Hylidae,Hyla,Hyla cinerea ,1,"Virginia, USA",38.60757807,-77.11793014,USA,Green,Blue,Partial body,N/A,Adult,https://www.inaturalist.org/observations/95362603,2021,
iNat,Hylidae,Hyla,Hyla cinerea ,1,"Virginia, USA",38.61184718,-77.38890138,USA,Green,Blue,Full body,N/A,Adult,https://www.inaturalist.org/observations/94315578,2021,duplicate records? https://www.inaturalist.org/observations/94346370 https://www.inaturalist.org/observations/94405030 https://www.inaturalist.org/observations/94405031 https://www.inaturalist.org/observations/94405033 https://www.inaturalist.org/observations/94405034 https://www.inaturalist.org/observations/94405035 https://www.inaturalist.org/observations/94405623 https://www.inaturalist.org/observations/94405988 https://www.inaturalist.org/observations/94406112 
iNat,Hylidae,Hyla,Hyla cinerea ,1,"Virginia, USA",38.63373477,-77.27267452,USA,Green,Blue,Partial body,N/A,Adult,https://www.inaturalist.org/observations/95457186,2021,
iNat,Hylidae,Hyla,Hyla cinerea ,1,"Virginia, USA",38.63482156,-77.31743058,USA,Green,Blue,Partial body,N/A,Adult,https://www.inaturalist.org/observations/95501611,2021,duplicate records? https://www.inaturalist.org/observations/95920325 https://www.inaturalist.org/observations/95928539 https://www.inaturalist.org/observations/95931472 https://www.inaturalist.org/observations/95931479 https://www.inaturalist.org/observations/96101521 https://www.inaturalist.org/observations/96269994 https://www.inaturalist.org/observations/97277499
iNat,Hylidae,Hyla,Hyla cinerea ,1,"Virginia, USA",38.64293918,-77.28349774,USA,Green,Blue,Partial body,N/A,Adult,https://www.inaturalist.org/observations/96448468,2021,
iNat,Hylidae,Hyla,Hyla cinerea ,1,"Virginia, USA",38.66570874,-77.14869313,USA,Green,Blue,Full body,N/A,Adult,https://www.inaturalist.org/observations/94333775,2021,duplicate record? https://www.inaturalist.org/observations/94531499
iNat,Hylidae,Hyla,Hyla cinerea ,1,"Virginia, USA",38.68967164,-77.36606925,USA,Green,Blue,Partial body,N/A,Adult,https://www.inaturalist.org/observations/95478185,2021,
iNat,Hylidae,Hyla,Hyla cinerea ,1,"Virginia, USA",38.69493483,-77.35812266,USA,Green,Blue,Full body,N/A,Adult,https://www.inaturalist.org/observations/95393978,2021,
iNat,Hylidae,Hyla,Hyla cinerea ,1,"Virginia, USA",38.70957253,-77.20897187,USA,Green,Blue,Partial body,N/A,Adult,https://www.inaturalist.org/observations/57881338,2020,injured?
iNat,Hylidae,Hyla,Hyla cinerea ,1,"Virginia, USA",38.77924475,-77.37949014,USA,Green,Blue,Partial body,N/A,Adult,https://www.inaturalist.org/observations/38551989,2019,
iNat,Hylidae,Hyla,Hyla versicolor - chrysoscelis (complex),1,"Wisconsin, USA",42.73817457,-88.88986311,USA,Green,Blue,Partial body ,N/A,Adult,https://www.inaturalist.org/observations/28221818,2019,duplicate record? https://www.inaturalist.org/observations/34726246
iNat,Hylidae,Hyla,Hyla versicolor - chrysoscelis (complex),1,"Wisconsin, USA",44.81288052,-91.27034588,USA,Green,Blue,Partial body,N/A,Adult,https://www.inaturalist.org/observations/63582809,2020,hibernating?
iNat,Hyperoliidae,Kassina,Kassina senegalensis,1,Mozambique,-12.17439538,38.08879155,Mozambique,Green/Brown,Blue/Silver,Whole body,N/A,Adult,https://www.inaturalist.org/observations/20803490,2019,
iNat,Hyperoliidae,Kassina,Kassina senegalensis,1,South Africa,-23.886182,29.96057,South Africa,Brown,Blue,Partial body ,N/A,Adult,https://www.inaturalist.org/observations/102653158,2021,
iNat,Leptodactylidae,Leptodactylus,Leptodactylus fuscus,1,Colombia,11.28272,-74.02399,Colombia,Brown,Turquoise,Partial body,N/A,Adult,https://www.inaturalist.org/observations/25495793,2019,
News or Social,Ranidae,Lithobates,"""bullfrog""",1,"Illinois, USA",-89.3985,40.6331,USA,green,blue,(no photo),,,https://www.nbcchicago.com/news/local/rare-blue-frog-spotted-in-dupage-county/2096521/,2012,
News or Social,Ranidae,Lithobates,"""bullfrog""",1,"Illinois, USA",-89.3985,40.6331,USA,green,turquoise,partial body,,,https://chicago.suntimes.com/2019/6/26/18759450/bullfrogs-blue-variant-talking-blues-bullfrogs-wonder-variety-rare,2019,
News or Social,Ranidae,Lithobates,"""bullfrog""",1,"Indiana, USA",-85.6024,40.5512,USA,green,turquoise,partial body,,,https://www.earthtouchnews.com/in-the-field/backyard-wildlife/blue-is-the-new-green-rare-turquoise-coloured-bullfrog-spotted-in-indiana/,2020,
News or Social,Ranidae,Lithobates,"""bullfrog""",1,"Ohio, USA",,,USA,green,turquoise,partial body,,,https://www.news5cleveland.com/news/local-news/ribbiting-discovery-ohio-man-finds-rare-blue-bullfrog-considered-1-in-a-million,2020,
News or Social,Ranidae,Lithobates,"""bullfrog""",1,"Ontario, USA",-117.6509,34.0633,USA,green,turquoise,partial body,,,https://www.guelphtoday.com/around-ontario/a-one-in-a-million-catch-at-red-deere-lake-1010480,2018,https://www.sudbury.com/local-news/a-one-in-a-million-catch-at-red-deere-lake-1008992
News or Social,Ranidae,Lithobates,bullfrog?,1,"Maine, USA",-69.4455,45.2538,USA,green,blue,partial body,,,https://www.sunjournal.com/2020/07/30/backyard-nature-a-frog-eat-frog-world/,2020,
News or Social,Ranidae,Lithobates,leopard frog,1,"Massachusetts, USA",-71.3824,42.4072,USA,green,turquoise,whole body,,,https://www.bostonglobe.com/metro/regionals/west/2014/10/25/not-easy-being-blue-mass-fisheries-and-wildlife-biologist-finds-rare-blue-leopard-frog/pLiTrmx5sjdYPq9u5RYyZP/story.html,2014,
iNat,Ranidae,Lithobates,Lithobates clamitans,2,(obscurred),,,,Green,Blue/Turquoise,Partial body ,N/A,Adult,https://www.inaturalist.org/observations/36729977,2019,
iNat,Ranidae,Lithobates,Lithobates septentrionalis,1,(obscurred),,,,Brown/Green,Blue/Turquoise,Partial body ,N/A,Adult,https://www.inaturalist.org/observations/31397426,2019,
iNat,Ranidae,Lithobates,Lithobates clamitans,1,(private),,,,Green,Blue/Turquoise,Partial body ,N/A,Adult,https://www.inaturalist.org/observations/15147501,2014,
iNat,Ranidae,Lithobates,Lithobates catesbeianus,1,Brazil,-25.2071511,-49.1140998,Brazil,Green,Blue/Turquoise,Partial body ,N/A,Adult,https://www.inaturalist.org/observations/54018221,2020,
iNat,Ranidae,Lithobates,Lithobates catesbeianus,1,"British Columbia, Canada",49.26166934,-122.7316813,Canada,Green,Blue,Partial body ,N/A,Adult,https://www.inaturalist.org/observations/48032231,2020,
News or Social,Ranidae,Lithobates,"""bullfrog""",1,"California, USA",-119.4179,36.7783,USA,green,turquoise,partial body,,,https://www.earthtouchnews.com/in-the-field/backyard-wildlife/rare-blue-green-bullfrog-spotted-in-california/,2017,https://www.redding.com/story/news/local/2017/06/09/one-in-a-million-frog-found-lake-shasta/380859001/
iNat,Ranidae,Lithobates,Lithobates catesbeianus,1,"California, USA",37.1131945,-122.0658417,USA,Green,Blue/Turquoise,Partial body ,N/A,Adult,https://www.inaturalist.org/observations/80034691,2021,
iNat,Ranidae,Lithobates,Lithobates catesbeianus,1,"California, USA",37.39281437,-121.8360095,USA,Green,Blue/Turquoise,Partial body ,N/A,Adult,https://www.inaturalist.org/observations/46737032,2020,
iNat,Ranidae,Lithobates,Lithobates clamitans,1,"Connecticut, USA",41.72568595,-72.21911576,USA,Green,Blue/Turquoise,Partial body ,N/A,Adult,https://www.inaturalist.org/observations/46521409,2019,
iNat,Ranidae,Lithobates,Lithobates clamitans,1,"Connecticut, USA",41.75097672,-72.20347479,USA,Green,Blue,Partial body,N/A,Adult,https://www.inaturalist.org/observations/93698799,2021,
iNat,Ranidae,Lithobates,Lithobates clamitans,1,"Connecticut, USA",41.9437975,-72.9968516,USA,Green,Blue/Turquoise,Partial body ,N/A,Adult,https://www.inaturalist.org/observations/51347075,2020,
Sci Lit,Ranidae,Lithobates,Lithobates pipiens,1,Georgia,-82.9071,32.1574,USA,partly visible,"light sky-blue, green, dark brown",,,adult,"Martof, 1964, Jablonski et al. 2014",,
Sci Lit,Ranidae,Lithobates,Lithobates pipiens,1,Georgia,-82.9071,32.1574,USA,,"light blue, deep blue, blue-green",,,,"Berns & Uhler, 1966, Jablonski et al. 2014",,
Sci Lit,Ranidae,Lithobates,Lithobates pipiens,1,Georgia,-82.9071,32.1574,USA,green-brown,sky-blue,,,adult,"Martof, 1962",,
iNat,Ranidae,Lithobates,Lithobates catesbeianus,1,"Georgia, USA",30.83900943,-83.15510701,USA,Green,Blue,Partial body ,N/A,Adult,https://www.inaturalist.org/observations/41334413,2012,
iNat,Ranidae,Lithobates,Lithobates catesbeianus,1,"Illinois, USA",40.20307853,-88.3942223,USA,Green,Blue/Turquoise,Partial body ,N/A,Adult,https://www.inaturalist.org/observations/79872604,2021,
iNat,Ranidae,Lithobates,Lithobates catesbeianus,1,"Illinois, USA",41.61349797,-90.163138,USA,Green/Brown,Turquoise,Partial body,N/A,Adult,https://www.inaturalist.org/observations/84336451,2021,
iNat,Ranidae,Lithobates,Lithobates clamitans,1,"Illinois, USA",42.44338099,-88.37304792,USA,Green,Blue/Turquoise,Partial body ,N/A,Adult,https://www.inaturalist.org/observations/49356346,2020,
iNat,Ranidae,Lithobates,Lithobates clamitans,1,"Indiana, USA",41.59691496,-87.17004938,USA,Green,Blue/Turquoise,Partial body ,N/A,Adult,https://www.inaturalist.org/observations/57501858,2020,
Sci Lit,Ranidae,Lithobates,Lithobates catesbeians,1,Kentuky,-84.27,37.8393,USA,,"light blue, deep blue, blue-green",,,,"Berns & Uhler, 1966, Jablonski et al. 2014",,
iNat,Ranidae,Lithobates,Lithobates clamitans,1,"Maine, USA",43.09506117,-70.70217167,USA,Green,Blue/Turquoise,Partial body ,N/A,Adult,https://www.inaturalist.org/observations/49322325,2020,
iNat,Ranidae,Lithobates,Lithobates catesbeianus,1,"Maine, USA",43.25290333,-70.83467167,USA,Green,Blue/Turquoise,Partial body ,N/A,Adult,https://www.inaturalist.org/observations/51081986,2020,
iNat,Ranidae,Lithobates,Lithobates clamitans,1,"Maine, USA",44.0121705,-69.91443483,USA,Green,Blue/Turquoise,Partial body ,N/A,Adult,https://www.inaturalist.org/observations/51828234,2020,
iNat,Ranidae,Lithobates,Lithobates clamitans,1,"Maine, USA",44.126676,-70.403322,USA,Green,Blue/Turquoise,Partial body ,N/A,Adult,https://www.inaturalist.org/observations/58119946,2020,
iNat,Ranidae,Lithobates,Lithobates clamitans,1,"Maine, USA",44.43584716,-69.13618859,USA,Green,Blue/Turquoise,Partial body ,N/A,Adult,https://www.inaturalist.org/observations/60363767,2020,
iNat,Ranidae,Lithobates,Lithobates clamitans,1,"Maine, USA",44.44841333,-69.38328667,USA,Green,Blue/Turquoise,Partial body ,N/A,Adult,https://www.inaturalist.org/observations/59335841,2020,
Sci Lit,Ranidae,Lithobates,Lithobates clamitans,31,"Maine, Vermont, Massachusetts, New York, New Jersey (USA); SE Canada",,,,,"light blue, deep blue, blue-green",,,,"Berns & Uhler, 1966, Jablonski et al. 2014",,
Sci Lit,Ranidae,Lithobates,Lithobates pipiens,6,"Maine, Vermont, Massachusetts, New York, New Jersey (USA); SE Canada",,,,,"light blue, deep blue, blue-green",,,,"Berns & Uhler, 1966, Jablonski et al. 2014",,
iNat,Ranidae,Lithobates,Lithobates catesbeianus,1,"Maryland, USA",39.01676225,-77.03347929,USA,Green,Blue/Turquoise,Partial body ,N/A,Adult,https://www.inaturalist.org/observations/53900950,2020,
iNat,Ranidae,Lithobates,Lithobates clamitans,1,"Maryland, USA",39.6512291,-75.84607188,USA,Green,Blue/Turquoise,Partial body ,N/A,Adult,https://www.inaturalist.org/observations/52135518,2020,
iNat,Ranidae,Lithobates,Lithobates clamitans,1,"Massachusetts, USA",42.15180408,-71.78638859,USA,Green,Blue,Partial body,N/A,Adult,https://www.inaturalist.org/observations/96154193,2021,
iNat,Ranidae,Lithobates,Lithobates clamitans,1,"Massachussets, USA",42.20592594,-71.54539514,USA,Green,Blue/Turquoise,Partial body ,N/A,Adult,https://www.inaturalist.org/observations/34927563,2019,
iNat,Ranidae,Lithobates,Lithobates clamitans,1,"Massachussets, USA",42.2417675,-70.8036544,USA,Green,Blue/Turquoise,Partial body ,N/A,Adult,https://www.inaturalist.org/observations/83458239,2021,
iNat,Ranidae,Lithobates,Lithobates clamitans,1,"Massachussets, USA",42.26856776,-72.61630966,USA,Green,Blue/Turquoise,Partial body ,N/A,Adult,https://www.inaturalist.org/observations/37326587,2019,
iNat,Ranidae,Lithobates,Lithobates clamitans,1,"Massachussets, USA",42.69744167,-73.22624167,USA,Green,Blue/Turquoise,Partial body ,N/A,Adult,https://www.inaturalist.org/observations/84636241,2021,
iNat,Ranidae,Lithobates,Lithobates clamitans,1,"Michigan, USA",42.30477142,-83.64222717,USA,Green,Blue/Turquoise,Partial body ,N/A,Adult,https://www.inaturalist.org/observations/87159468,2021,
iNat,Ranidae,Lithobates,Lithobates clamitans,1,"Michigan, USA",42.3427,-82.97562866,USA,Green,Blue,Whole body,N/A,Adult,https://www.inaturalist.org/observations/84130859,2018,
iNat,Ranidae,Lithobates,Lithobates clamitans,1,"Michigan, USA",42.4505198,-83.9532571,USA,Green,Blue/Turquoise,Partial body ,N/A,Adult,https://www.inaturalist.org/observations/3815273,2016,
iNat,Ranidae,Lithobates,Lithobates clamitans,1,"Michigan, USA",42.61053662,-84.38630825,USA,Green,Blue/Turquoise,Partial body ,N/A,Adult,https://www.inaturalist.org/observations/8398561,2017,
iNat,Ranidae,Lithobates,Lithobates clamitans,1,"Michigan, USA",42.70656667,-82.59059167,USA,Green,Blue/Turquoise,Partial body ,N/A,Adult,https://www.inaturalist.org/observations/52103159,2020,
iNat,Ranidae,Lithobates,Lithobates clamitans,1,"Michigan, USA",42.71654634,-83.06972074,USA,Green,Blue/Turquoise,Partial body ,N/A,Adult,https://www.inaturalist.org/observations/61219253,2020,
iNat,Ranidae,Lithobates,Lithobates clamitans,1,"Michigan, USA",42.797806,-83.70495,USA,Green,Blue/Turquoise,Partial body ,N/A,Adult,https://www.inaturalist.org/observations/55329861,2020,
iNat,Ranidae,Lithobates,Lithobates clamitans,1,"Michigan, USA",44.66481333,-84.39698833,USA,Green,Blue,Partial body,N/A,Adult,https://www.inaturalist.org/observations/92412116,2021,
iNat,Ranidae,Lithobates,Lithobates clamitans,1,"Michigan, USA",45.39726794,-84.90062148,USA,Green,Blue/Turquoise,Partial body ,N/A,Adult,https://www.inaturalist.org/observations/48348657,2020,
iNat,Ranidae,Lithobates,Lithobates clamitans,1,"Michigan, USA",45.45436138,-85.06252599,USA,Green,Blue,Partial body ,N/A,Adult,https://www.inaturalist.org/observations/79593381,2021,
iNat,Ranidae,Lithobates,Lithobates clamitans,1,"Michigan, USA",45.612355,-85.5932,USA,Green,Blue/Turquoise,Partial body ,N/A,Adult,https://www.inaturalist.org/observations/3682844,2016,
iNat,Ranidae,Lithobates,Lithobates clamitans,1,"Michigan, USA",46.82878283,-85.82076911,USA,Green,Blue,Partial body,N/A,Adult,https://www.inaturalist.org/observations/93532929,2021,
iNat,Ranidae,Lithobates,Lithobates clamitans,1,"Miennesota, USA",45.22293,-92.89605,USA,Green,Blue/Turquoise,Partial body ,N/A,Adult,https://www.inaturalist.org/observations/57080774,2020,
iNat,Ranidae,Lithobates,Lithobates catesbeianus,1,"Minnesota, USA",44.1278188,-92.76173042,USA,Green,Blue/Turquoise,Partial body ,N/A,Adult,https://www.inaturalist.org/observations/57320326,2020,
iNat,Ranidae,Lithobates,Lithobates pipiens,1,"Minnesota, USA",48.03740569,-90.83530283,USA,Brown/Green,Blue/Turquoise,Partial body ,N/A,Adult,https://www.inaturalist.org/observations/3925933,2016,
iNat,Ranidae,Lithobates,Lithobates catesbeianus,1,"Missouri, USA",38.969288,-92.222552,USA,Green,Blue/Turquoise,Partial body ,N/A,Adult,https://www.inaturalist.org/observations/8429604,2017,
iNat,Ranidae,Lithobates,Lithobates catesbeianus,1,"Missouri, USA",39.35465106,-94.60925,USA,Green,Blue/Turquoise,Partial body ,N/A,Adult,https://www.inaturalist.org/observations/46885187,2020,
Sci Lit,Ranidae,Lithobates,Lithobates pipiens,1,Montana,-110.3626,46.8797,USA,"visible, normal",blue coloration over the back from the tips of the external nares to the arms,,,,"Balck, 1967, Jablonski et al. 2014",,
Sci Lit,Ranidae,Lithobates,Lithobates pipiens,1,Montana,-110.3626,46.8797,USA,green-brown,blue,,,,"Black, 1967",,
iNat,Ranidae,Lithobates,Lithobates catesbeianus,1,"Nebraska, USA",41.29173245,-96.09534873,USA,Green,Blue/Turquoise,Partial body ,N/A,Adult,https://www.inaturalist.org/observations/49468740,2020,
iNat,Ranidae,Lithobates,Lithobates clamitans,1,"New Brunswick, Canada",45.58259472,-64.98165987,Canada,Green,Blue/Turquoise,Whole body,N/A,Adult,https://www.inaturalist.org/observations/83789653,2021,
iNat,Ranidae,Lithobates,Lithobates clamitans,1,"New Brunswick, Canada",45.753334,-64.735125,Canada,Green,Blue/Turquoise,Partial body ,N/A,Adult,https://www.inaturalist.org/observations/2845094,2015,
iNat,Ranidae,Lithobates,Lithobates pipiens,1,"New Brunswick, Canada",45.95094409,-66.61184717,Canada,Green,Blue,Partial body,N/A,Adult,https://www.inaturalist.org/observations/91620578,2020,
iNat,Ranidae,Lithobates,Lithobates pipiens,1,"New Brunswick, Canada",45.95097778,-66.60918611,Canada,Green,Blue,Partial body,N/A,Adult,https://www.inaturalist.org/observations/96416191,2021,
iNat,Ranidae,Lithobates,Lithobates clamitans,1,"New Brunswick, Canada",45.952474,-66.678664,Canada,Green,Blue/Turquoise,Whole body,N/A,Adult,https://www.inaturalist.org/observations/28436868,2019,
iNat,Ranidae,Lithobates,Lithobates clamitans,1,"New Brunswick, Canada",45.952859,-66.678561,Canada,Green,Blue/Turquoise,Partial body ,N/A,Adult,https://www.inaturalist.org/observations/67536702,2020,
iNat,Ranidae,Lithobates,Lithobates clamitans,1,"New Brunswick, Canada",45.952878,-66.678614,Canada,Green,Blue/Turquoise,Whole body,N/A,Adult,https://www.inaturalist.org/observations/67536432,2020,
iNat,Ranidae,Lithobates,Lithobates clamitans,1,"New Brunswick, Canada",45.96497345,-66.93331146,Canada,Green,Blue,Partial body,N/A,Adult,https://www.inaturalist.org/observations/94747447,2021,
iNat,Ranidae,Lithobates,Lithobates clamitans,1,"New Brunswick, Canada",46.41632733,-64.82679717,Canada,Green,Blue/Turquoise,Partial body ,N/A,Adult,https://www.inaturalist.org/observations/59122730,2020,
iNat,Ranidae,Lithobates,Lithobates clamitans,1,"New Hampshire, USA",42.7665989,-71.40307965,USA,Green,Blue/Turquoise,Partial body ,N/A,Adult,https://www.inaturalist.org/observations/27267540,2019,
iNat,Ranidae,Lithobates,Lithobates clamitans,1,"New Hampshire, USA",42.99308014,-71.19854736,USA,Green,Blue/Turquoise,Partial body ,N/A,Adult,https://www.inaturalist.org/observations/84071680,2021,
iNat,Ranidae,Lithobates,Lithobates catesbeianus,1,"New Hampshire, USA",43.35929167,-71.47316167,USA,Green,Blue/Turquoise,Partial body ,N/A,Adult,https://www.inaturalist.org/observations/55854053,2020,
iNat,Ranidae,Lithobates,Lithobates clamitans,1,"New Hampshire, USA",43.72967167,-71.69857,USA,Green,Blue/Turquoise,Partial body ,N/A,Adult,https://www.inaturalist.org/observations/56181168,2020,
iNat,Ranidae,Lithobates,Lithobates catesbeianus,1,"New Hampshire, USA",43.79604687,-71.10464872,USA,Green,Blue,Partial body,N/A,Adult,https://www.inaturalist.org/observations/91466603,2021,
iNat,Ranidae,Lithobates,Lithobates clamitans,1,"New Hampshire, USA",44.04330833,-71.27529167,USA,Green,Blue,Partial body,N/A,Adult,https://www.inaturalist.org/observations/92962700,2021,
iNat,Ranidae,Lithobates,Lithobates clamitans,1,"New Jersey, USA",40.14342705,-74.21383584,USA,Green,Blue/Turquoise,Partial body ,N/A,Adult,https://www.inaturalist.org/observations/37796476,2019,
iNat,Ranidae,Lithobates,Lithobates clamitans,1,"New Jersey, USA",40.41248235,-74.4972872,USA,Green,Blue/Turquoise,Partial body ,N/A,Adult,https://www.inaturalist.org/observations/84307120,2021,
iNat,Ranidae,Lithobates,Lithobates clamitans,1,"New Jersey, USA",40.6777376,-74.5367736,USA,Green,Blue/Turquoise,Partial body ,N/A,Adult,https://www.inaturalist.org/observations/33524449,2019,
Sci Lit,Ranidae,Lithobates,Lithobates clamitans,1,New York,-74.006,40.7128,USA,,yellow pigmentation w/ blue spot,coloration usually is green,N/A,N/A,"Volume 41. Issue 1, Rana clamitans",,
iNat,Ranidae,Lithobates,Lithobates catesbeianus,1,"New York, USA",40.74547009,-73.73989696,USA,Green,Blue,Partial body,N/A,Adult,https://www.inaturalist.org/observations/95261014,2021,
iNat,Ranidae,Lithobates,Lithobates clamitans,1,"New York, USA",41.251805,-73.87834167,USA,Green,Blue/Turquoise,Partial body ,N/A,Adult,https://www.inaturalist.org/observations/59520381,2020,
iNat,Ranidae,Lithobates,Lithobates clamitans,1,"New York, USA",42.02089227,-79.16999092,USA,Green,Blue/Turquoise,Whole body,N/A,Adult,https://www.inaturalist.org/observations/11373865,2016,
iNat,Ranidae,Lithobates,Lithobates clamitans,1,"New York, USA",42.26399544,-79.25865646,USA,Green,Blue/Turquoise,Partial body ,N/A,Adult,https://www.inaturalist.org/observations/47797743,2019,
iNat,Ranidae,Lithobates,Lithobates clamitans,1,"New York, USA",42.41023322,-78.62931676,USA,Green,Blue/Turquoise,Partial body ,N/A,Adult,https://www.inaturalist.org/observations/49824971,2019,
iNat,Ranidae,Lithobates,Lithobates clamitans,1,"New York, USA",42.42967852,-78.60726235,USA,Green,Blue/Turquoise,Partial body ,N/A,Adult,https://www.inaturalist.org/observations/49824222,2020,
iNat,Ranidae,Lithobates,Lithobates clamitans,1,"New York, USA",42.48785833,-77.85498833,USA,Green,Blue/Turquoise,Partial body ,N/A,Adult,https://www.inaturalist.org/observations/86502323,2021,
iNat,Ranidae,Lithobates,Lithobates clamitans,1,"New York, USA",42.58182167,-74.17408833,USA,Green,Blue/Turquoise,Partial body ,N/A,Adult,https://www.inaturalist.org/observations/55334102,2020,
iNat,Ranidae,Lithobates,Lithobates clamitans,1,"New York, USA",42.72232173,-73.8040733,USA,Green,Blue/Turquoise,Partial body ,N/A,Adult,https://www.inaturalist.org/observations/56970950,2020,
iNat,Ranidae,Lithobates,Lithobates clamitans,1,"New York, USA",42.78228105,-73.8448999,USA,Green,Blue/Turquoise,Partial body ,N/A,Adult,https://www.inaturalist.org/observations/56684927,2020,
iNat,Ranidae,Lithobates,Lithobates clamitans,1,"New York, USA",42.80104,-73.734161,USA,Green,Blue/Turquoise,Partial body ,N/A,Adult,https://www.inaturalist.org/observations/63312842,2020,
iNat,Ranidae,Lithobates,Lithobates clamitans,1,"New York, USA",42.8914105,-78.7178955,USA,Green,Blue,Partial body,N/A,Adult,https://www.inaturalist.org/observations/94695777,2010,
iNat,Ranidae,Lithobates,Lithobates clamitans,1,"New York, USA",42.93774018,-74.19035599,USA,Green,Blue,Partial body ,N/A,Adult,https://www.inaturalist.org/observations/87624123,2021,
iNat,Ranidae,Lithobates,Lithobates clamitans,1,"New York, USA",43.31019038,-75.59889793,USA,Green,Blue/Turquoise,Partial body ,N/A,Adult,https://www.inaturalist.org/observations/19727,2010,
iNat,Ranidae,Lithobates,Lithobates clamitans,1,"New York, USA",43.50856197,-73.60346197,USA,Green,Blue,Partial body,N/A,Adult,https://www.inaturalist.org/observations/90082747,2021,
iNat,Ranidae,Lithobates,Lithobates clamitans,1,"New York, USA",43.6025803,-73.7999756,USA,Green,Blue/Turquoise,Partial body ,N/A,Adult,https://www.inaturalist.org/observations/55008890,2020,
iNat,Ranidae,Lithobates,Lithobates clamitans,1,"New York, USA",43.78317103,-74.26536664,USA,Green,Blue/Turquoise,Partial body ,N/A,Adult,https://www.inaturalist.org/observations/55073249,2020,
iNat,Ranidae,Lithobates,Lithobates clamitans,1,"New York, USA",43.97629528,-74.44166097,USA,Green,Blue/Turquoise,Partial body ,N/A,Adult,https://www.inaturalist.org/observations/47669901,2020,
iNat,Ranidae,Lithobates,Lithobates clamitans,1,"New York, USA",44.15172217,-74.78780333,USA,Green,Blue,Partial body,N/A,Adult,https://www.inaturalist.org/observations/94223172,2021,duplicate records https://www.inaturalist.org/observations/95589799 https://www.inaturalist.org/observations/95810905
iNat,Ranidae,Lithobates,Lithobates clamitans,1,"New York, USA",44.186471,-73.790132,USA,Green,Blue/Turquoise,Partial body ,N/A,Adult,https://www.inaturalist.org/observations/80262006,2021,
iNat,Ranidae,Lithobates,Lithobates clamitans,1,"North Carolina, USA",35.76164513,-78.97679918,USA,Green,Blue/Turquoise,Partial body ,N/A,Adult,https://www.inaturalist.org/observations/74471772,2015,
iNat,Ranidae,Lithobates,Lithobates sp,1,"North Carolina, USA",35.809025,-78.95548833,USA,Green,Blue,Partial body,N/A,Adult,https://www.inaturalist.org/observations/7448805,2017,
iNat,Ranidae,Lithobates,Lithobates clamitans,1,"Nova Scotia, Canada",43.49517656,-65.57769045,Canada,Green,Blue/Turquoise,Partial body ,N/A,Adult,https://www.inaturalist.org/observations/49497678,2020,
iNat,Ranidae,Lithobates,Lithobates catesbeianus,1,"Nova Scotia, Canada",44.20171593,-64.74514329,Canada,Green,Blue/Turquoise,Partial body ,N/A,Adult,https://www.inaturalist.org/observations/8961566,1980,
iNat,Ranidae,Lithobates,Lithobates catesbeianus,1,"Nova Scotia, Canada",44.36860482,-64.5136978,Canada,Green,Blue/Turquoise,Partial body ,N/A,Adult,https://www.inaturalist.org/observations/84009962,2021,
iNat,Ranidae,Lithobates,Lithobates clamitans,1,"Nova Scotia, Canada",44.53327752,-65.06711536,Canada,Green,Blue/Turquoise,Whole body,N/A,Adult,https://www.inaturalist.org/observations/59610814,2020,
iNat,Ranidae,Lithobates,Lithobates clamitans,1,"Nova Scotia, Canada",44.85255727,-63.89388291,Canada,Green,Blue/Turquoise,Partial body ,N/A,Adult,https://www.inaturalist.org/observations/86761037,2021,duplicate record? https://www.inaturalist.org/observations/86500136
iNat,Ranidae,Lithobates,Lithobates clamitans,1,"Nova Scotia, Canada",45.40040435,-64.45235763,Canada,Green,Blue/Turquoise,Partial body ,N/A,Adult,https://www.inaturalist.org/observations/6737311,2017,
iNat,Ranidae,Lithobates,Lithobates clamitans,1,"Nova Scotia, Canada",45.64480104,-63.18961143,Canada,Green,Blue/Turquoise,Partial body ,N/A,Adult,https://www.inaturalist.org/observations/83175945,2021,
iNat,Ranidae,Lithobates,Lithobates clamitans,1,"Nova Scottia, Canada",44.733671,-63.7850131,Canada,Green,Blue,Partial body,N/A,Adult,https://www.inaturalist.org/observations/24903313,2016,
iNat,Ranidae,Lithobates,Lithobates clamitans,1,obscured,,,,Green,Blue,Partial body,N/A,Adult,https://www.inaturalist.org/observations/95771135,2021,
iNat,Ranidae,Lithobates,Lithobates clamitans,1,"Ohio, USA",39.2693828,-84.5053702,USA,Green,Blue/Turquoise,Partial body ,N/A,Adult,https://www.inaturalist.org/observations/82085076,2021,
iNat,Ranidae,Lithobates,Lithobates catesbeianus,1,"Ohio, USA",39.87449287,-84.17676299,USA,Green,Blue/Turquoise,Partial body ,N/A,Adult,https://www.inaturalist.org/observations/61005391,2020,
iNat,Ranidae,Lithobates,Lithobates catesbeianus,1,"Ohio, USA",39.98349351,-81.65998823,USA,Green,Blue/Turquoise,Partial body ,N/A,Adult,https://www.inaturalist.org/observations/85538703,2021,
iNat,Ranidae,Lithobates,Lithobates catesbeianus,1,"Ohio, USA",41.1257645,-81.5201345,USA,Green,Blue/Turquoise,Partial body ,N/A,Adult,https://www.inaturalist.org/observations/48566119,2020,
iNat,Ranidae,Lithobates,Lithobates clamitans,1,"Ontario, Canada",42.67515656,-80.53092003,Canada,Green,Blue,Partial body,N/A,Adult,https://www.inaturalist.org/observations/90091482,2021,
iNat,Ranidae,Lithobates,Lithobates clamitans,1,"Ontario, Canada",43.0158171,-79.36595493,Canada,Green,Blue/Turquoise,Partial body ,N/A,Adult,https://www.inaturalist.org/observations/55217000,2020,
iNat,Ranidae,Lithobates,Lithobates catesbeianus,1,"Ontario, Canada",43.377455,-80.368241,Canada,Green,Blue/Turquoise,Partial body ,N/A,Adult,https://www.inaturalist.org/observations/26586336,2019,
iNat,Ranidae,Lithobates,Lithobates clamitans,1,"Ontario, Canada",43.5090431,-80.07756325,Canada,Green,Blue/Turquoise,Partial body ,N/A,Adult,https://www.inaturalist.org/observations/32925843,2019,
iNat,Ranidae,Lithobates,Lithobates clamitans,1,"Ontario, Canada",43.68665757,-79.36652105,Canada,Green,Blue,Partial body,N/A,Adult,https://www.inaturalist.org/observations/90267120,2021,
iNat,Ranidae,Lithobates,Lithobates clamitans,1,"Ontario, Canada",43.82331994,-79.16794062,Canada,Green,Blue/Turquoise,Partial body ,N/A,Adult,https://www.inaturalist.org/observations/80100766,2021,
iNat,Ranidae,Lithobates,Lithobates clamitans,1,"Ontario, Canada",43.93364667,-80.39308833,Canada,Green,Blue/Turquoise,Partial body ,N/A,Adult,https://www.inaturalist.org/observations/27284916,2019,
iNat,Ranidae,Lithobates,Lithobates clamitans,1,"Ontario, Canada",44.08449,-79.12847,Canada,Green,Blue/Turquoise,Partial body ,N/A,Adult,https://www.inaturalist.org/observations/48472156,2020,
iNat,Ranidae,Lithobates,Lithobates clamitans,1,"Ontario, Canada",44.32612008,-80.91082511,Canada,Green,Blue/Turquoise,Partial body ,N/A,Adult,https://www.inaturalist.org/observations/36852334,2019,
iNat,Ranidae,Lithobates,Lithobates clamitans,1,"Ontario, Canada",44.36265564,-80.85575104,Canada,Green,Blue/Turquoise,Partial body ,N/A,Adult,https://www.inaturalist.org/observations/81699679,2021,
iNat,Ranidae,Lithobates,Lithobates clamitans,1,"Ontario, Canada",44.39688808,-76.16052904,Canada,Green,Blue,Partial body,N/A,Adult,https://www.inaturalist.org/observations/90816656,2021,
iNat,Ranidae,Lithobates,Lithobates clamitans,1,"Ontario, Canada",44.41396333,-80.787195,Canada,Green,Blue/Turquoise,Partial body ,N/A,Adult,https://www.inaturalist.org/observations/84066851,2021,
iNat,Ranidae,Lithobates,Lithobates clamitans,1,"Ontario, Canada",44.4140362,-76.54145864,Canada,Green,Blue,Partial body,N/A,Adult,https://www.inaturalist.org/observations/93948420,2021,
iNat,Ranidae,Lithobates,Lithobates clamitans,1,"Ontario, Canada",44.41969086,-76.44815045,Canada,Green,Blue/Turquoise,Partial body ,N/A,Adult,https://www.inaturalist.org/observations/3640855,2016,
iNat,Ranidae,Lithobates,Lithobates clamitans,1,"Ontario, Canada",44.45413889,-76.57447778,Canada,Green,Blue/Turquoise,Partial body ,N/A,Adult,https://www.inaturalist.org/observations/61227542,2020,
iNat,Ranidae,Lithobates,Lithobates clamitans,1,"Ontario, Canada",44.50234492,-76.02179085,Canada,Green,Blue/Turquoise,Partial body ,N/A,Adult,https://www.inaturalist.org/observations/43301111,2019,
iNat,Ranidae,Lithobates,Lithobates clamitans,1,"Ontario, Canada",44.51750203,-76.43497273,Canada,Green,Blue/Turquoise,Partial body ,N/A,Adult,https://www.inaturalist.org/observations/32084640,2019,
iNat,Ranidae,Lithobates,Lithobates clamitans,1,"Ontario, Canada",44.53099667,-80.415855,Canada,Green,Blue/Turquoise,Partial body ,N/A,Adult,https://www.inaturalist.org/observations/30310797,2019,
iNat,Ranidae,Lithobates,Lithobates clamitans,1,"Ontario, Canada",44.5934674,-79.9317357,Canada,Green,Blue,Partial body,N/A,Adult,https://www.inaturalist.org/observations/19090075,2012,
iNat,Ranidae,Lithobates,Lithobates clamitans,1,"Ontario, Canada",44.6197328,-80.9478366,Canada,Green,Blue/Turquoise,Partial body ,N/A,Adult,https://www.inaturalist.org/observations/9007159,2016,
iNat,Ranidae,Lithobates,Lithobates clamitans,1,"Ontario, Canada",44.713985,-80.02381697,Canada,Green,Blue/Turquoise,Partial body ,N/A,Adult,https://www.inaturalist.org/observations/81962744,2021,
iNat,Ranidae,Lithobates,Lithobates clamitans,1,"Ontario, Canada",44.78106621,-77.94819393,Canada,Green,Blue/Turquoise,Whole body,N/A,Adult,https://www.inaturalist.org/observations/16219536,2018,
iNat,Ranidae,Lithobates,Lithobates clamitans,1,"Ontario, Canada",44.84669585,-79.86812711,Canada,Green,Blue/Turquoise,Partial body ,N/A,Adult,https://www.inaturalist.org/observations/6869300,2017,
iNat,Ranidae,Lithobates,Lithobates clamitans,1,"Ontario, Canada",44.85250327,-79.86434687,Canada,Green,Blue/Turquoise,Partial body ,N/A,Adult,https://www.inaturalist.org/observations/6861209,2017,
iNat,Ranidae,Lithobates,Lithobates clamitans,1,"Ontario, Canada",44.85999468,-76.1985255,Canada,Green,Blue/Turquoise,Partial body ,N/A,Adult,https://www.inaturalist.org/observations/52735746,2018,
iNat,Ranidae,Lithobates,Lithobates clamitans,1,"Ontario, Canada",45.02355474,-77.59031551,Canada,Green,Blue,Partial body,N/A,Adult,https://www.inaturalist.org/observations/91696813,2021,
iNat,Ranidae,Lithobates,Lithobates pipiens,1,"Ontario, Canada",45.08403333,-81.41129167,Canada,Brown/Green,Blue/Turquoise,Partial body ,N/A,Adult,https://www.inaturalist.org/observations/42321332,2019,
iNat,Ranidae,Lithobates,Lithobates clamitans,1,"Ontario, Canada",45.08413333,-81.4113,Canada,Green,Blue/Turquoise,Partial body ,N/A,Adult,https://www.inaturalist.org/observations/83876399,2021,
iNat,Ranidae,Lithobates,Lithobates clamitans,1,"Ontario, Canada",45.08724091,-75.757544,Canada,Green/Brown,Turquoise,Partial body,N/A,Adult,https://www.inaturalist.org/observations/81712747,2021,
iNat,Ranidae,Lithobates,Lithobates clamitans,1,"Ontario, Canada",45.13416672,-79.14027405,Canada,Green,Blue/Turquoise,Partial body ,N/A,Adult,https://www.inaturalist.org/observations/16999262,2018,
iNat,Ranidae,Lithobates,Lithobates clamitans,1,"Ontario, Canada",45.35127972,-75.817755,Canada,Green,Blue/Turquoise,Partial body ,N/A,Adult,https://www.inaturalist.org/observations/14366506,2018,
iNat,Ranidae,Lithobates,Lithobates clamitans,1,"Ontario, Canada",45.387086,-75.703204,Canada,Green,Blue/Turquoise,Partial body ,N/A,Adult,https://www.inaturalist.org/observations/7637322,2014,
iNat,Ranidae,Lithobates,Lithobates clamitans,1,"Ontario, Canada",45.4174406,-75.081876,Canada,Green,Blue/Turquoise,Partial body ,N/A,Adult,https://www.inaturalist.org/observations/70251428,2019,
iNat,Ranidae,Lithobates,Lithobates clamitans,1,"Ontario, Canada",45.44155,-77.59583333,Canada,Green,Blue,Partial body,N/A,Adult,https://www.inaturalist.org/observations/94038230,2021,
iNat,Ranidae,Lithobates,Lithobates pipiens,1,"Ontario, Canada",45.48881667,-75.53575833,Canada,Green,Blue,Partial body,N/A,Adult,https://www.inaturalist.org/observations/89693975,2021,
iNat,Ranidae,Lithobates,Lithobates clamitans,1,"Ontario, Canada",46.4991563,-80.03957042,Canada,Green,Blue/Turquoise,Partial body ,N/A,Adult,https://www.inaturalist.org/observations/29549520,2019,
iNat,Ranidae,Lithobates,Lithobates clamitans,1,"Ontario, Canada",48.10810075,-79.70944144,Canada,Green,Blue/Turquoise,Partial body ,N/A,Adult,https://www.inaturalist.org/observations/5528406,2016,
iNat,Ranidae,Lithobates,Lithobates catesbeianus,1,"Oregon, USA",44.54847362,-123.304799,USA,Green,Blue/Turquoise,Partial body ,N/A,Adult,https://www.inaturalist.org/observations/29529961,2019,
iNat,Ranidae,Lithobates,Lithobates catesbeianus,1,"Oregon, USA",45.26904156,-117.9530617,USA,Green,Blue/Turquoise,Partial body ,N/A,Adult,https://www.inaturalist.org/observations/83866879,2021,
iNat,Ranidae,Lithobates,Lithobates catesbeianus,1,"Pennsylvania, USA",40.42488972,-79.98794456,USA,Green,Blue/Turquoise,Partial body ,N/A,Adult,https://www.inaturalist.org/observations/83591287,2021,
iNat,Ranidae,Lithobates,Lithobates clamitans,1,"Pennsylvania, USA",40.55312,-76.48998833,USA,Green,Blue/Turquoise,Partial body ,N/A,Adult,https://www.inaturalist.org/observations/62245042,2020,
iNat,Ranidae,Lithobates,Lithobates clamitans,1,"Pennsylvania, USA",40.55589931,-76.12115978,USA,Green,Blue/Turquoise,Partial body ,N/A,Adult,https://www.inaturalist.org/observations/13917997,2018,
iNat,Ranidae,Lithobates,Lithobates clamitans,1,"Pennsylvania, USA",41.6285286,-80.12976837,USA,Green,Blue/Turquoise,Partial body ,N/A,Adult,https://www.inaturalist.org/observations/83889921,2021,
iNat,Ranidae,Lithobates,Lithobates clamitans,1,"Prince Edward Island, Canada",46.19463871,-62.67874863,,Green,Blue/Turquoise,Partial body ,N/A,Adult,https://www.inaturalist.org/observations/8961642,2016,
iNat,Ranidae,Lithobates,Lithobates clamitans,1,"Quebec, Canada",45.12683562,-71.99615479,Canada,Green,Blue/Turquoise,Partial body ,N/A,Adult,https://www.inaturalist.org/observations/18443,2010,
iNat,Ranidae,Lithobates,Lithobates clamitans,1,"Quebec, Canada",45.21103981,-72.01759636,Canada,Green,Blue/Turquoise,Partial body ,N/A,Adult,https://www.inaturalist.org/observations/57675691,2020,
iNat,Ranidae,Lithobates,Lithobates pipiens,1,"Quebec, Canada",45.3915712,-73.7609723,Canada,Brown/Green,Blue/Turquoise,Partial body ,N/A,Adult,https://www.inaturalist.org/observations/31131117,2018,
iNat,Ranidae,Lithobates,Lithobates clamitans,1,"Quebec, Canada",45.46878507,-75.80551951,Canada,Green,Blue/Turquoise,Partial body ,N/A,Adult,https://www.inaturalist.org/observations/81797048,2016,
iNat,Ranidae,Lithobates,Lithobates clamitans,1,"Quebec, Canada",45.48796351,-73.33330637,Canada,Green,Blue/Turquoise,Partial body ,N/A,Adult,https://www.inaturalist.org/observations/84738559,2021,
iNat,Ranidae,Lithobates,Lithobates clamitans,1,"Quebec, Canada",45.56900971,-75.51592916,Canada,Green,Blue/Turquoise,Whole body,N/A,Adult,https://www.inaturalist.org/observations/83880600,2021,
iNat,Ranidae,Lithobates,Lithobates clamitans,1,"Quebec, Canada",45.57241014,-72.8761563,Canada,Green,Blue/Turquoise,Partial body ,N/A,Adult,https://www.inaturalist.org/observations/47330758,2020,
iNat,Ranidae,Lithobates,Lithobates clamitans,1,"Quebec, Canada",45.90952604,-73.70480965,Canada,Green,Blue,Partial body,N/A,Adult,https://www.inaturalist.org/observations/26946819,2018,
iNat,Ranidae,Lithobates,Lithobates clamitans,1,"Quebec, Canada",48.32194444,-68.83722222,Canada,Green,Blue/Turquoise,Partial body ,N/A,Adult,https://www.inaturalist.org/observations/58233216,2020,
iNat,Ranidae,Lithobates,Lithobates clamitans,1,"Quebec, Canada",48.37682,-71.97251167,Canada,Green,Blue/Turquoise,Partial body ,N/A,Adult,https://www.inaturalist.org/observations/59156132,2020,
iNat,Ranidae,Lithobates,Lithobates septentrionalis,1,"Quebec, Canada",49.15305982,-79.15832591,Canada,Brown/Green,Blue/Turquoise,Partial body ,N/A,Adult,https://www.inaturalist.org/observations/27966150,2019,
iNat,Ranidae,Lithobates,Lithobates septentrionalis,1,"Quebec, Canada",49.15341557,-79.15775529,Canada,Brown/Green,Blue/Turquoise,Partial body ,N/A,Adult,https://www.inaturalist.org/observations/16200109,2018,
iNat,Ranidae,Lithobates,Lithobates clamitans,1,"Rhode Island, USA",41.52230154,-71.74873441,USA,Green,Blue/Turquoise,Partial body ,N/A,Adult,https://www.inaturalist.org/observations/51162565,2020,very pale
iNat,Ranidae,Lithobates,Lithobates pipiens,1,"Saint Laurent, Canada",50.38111111,-97.94444444,Canada,Brown/Green,Blue/Turquoise,Partial body ,N/A,Adult,https://www.inaturalist.org/observations/50959332,2020,
iNat,Ranidae,Lithobates,Lithobates catesbeianus,2,Singapore,1.3342472,103.83246,Singapore,Green,Blue/Turquoise,Partial body ,N/A,Adult,https://www.inaturalist.org/observations/57524107,2020,
Sci Lit,Ranidae,Lithobates,Lithobates sphenocephalus,1,Tennessee,-86.5804,35.5175,USA,green-brown,blue,,,adult,"Hall et al., 2018",,
iNat,Ranidae,Lithobates,Lithobates catesbeianus,1,"Tennessee, USA",35.97263333,-86.83196333,USA,Green,Blue/Turquoise,Whole body,N/A,Adult,https://www.inaturalist.org/observations/56820276,2020,
iNat,Ranidae,Lithobates,Lithobates catesbeianus,1,"Texas, USA",29.76393033,-95.45519471,USA,Green,Blue/Turquoise,Partial body ,N/A,Adult,https://www.inaturalist.org/observations/77100057,2021,
iNat,Ranidae,Lithobates,Lithobates catesbeianus,1,"Texas, USA",29.7665289,-95.4506677,USA,Green,Blue/Turquoise,Partial body ,N/A,Adult,https://www.inaturalist.org/observations/76415703,2021,
iNat,Ranidae,Lithobates,Lithobates catesbeianus,1,"Texas, USA",29.76693032,-95.45069333,USA,Green,Blue/Turquoise,Partial body ,N/A,Adult,https://www.inaturalist.org/observations/77052289,2021,
iNat,Ranidae,Lithobates,Lithobates catesbeianus,1,"Texas, USA",32.66180121,-97.22218609,USA,Green,Blue/Turquoise,Partial body ,N/A,Adult,https://www.inaturalist.org/observations/60147011,2020,
Sci Lit,Ranidae,Lithobates,Lithobates clamitans,2,USA,,,USA,,blue and green,,,,"Berns & Narayan, 1970, Jablonski et al. 2014",,
iNat,Ranidae,Lithobates,Lithobates clamitans,1,"Vermont, USA",42.76575368,-72.98716663,USA,Green,Blue/Turquoise,Partial body ,N/A,Adult,https://www.inaturalist.org/observations/16370504,2018,
iNat,Ranidae,Lithobates,Lithobates clamitans,1,"Vermont, USA",43.2226655,-72.76510631,USA,Green,Blue/Turquoise,Partial body ,N/A,Adult,https://www.inaturalist.org/observations/47159523,2020,
iNat,Ranidae,Lithobates,Lithobates clamitans,1,"Vermont, USA",43.51636333,-72.9644,USA,Green,Blue/Turquoise,Partial body ,N/A,Adult,https://www.inaturalist.org/observations/56264188,2020,
iNat,Ranidae,Lithobates,Lithobates clamitans,1,"Vermont, USA",44.21112864,-72.19733051,USA,Green,Blue/Turquoise,Whole body,N/A,Adult,https://www.inaturalist.org/observations/13895318,2018,
iNat,Ranidae,Lithobates,Lithobates clamitans,1,"Vermont, USA",44.24558818,-72.52812582,USA,Green,Blue/Turquoise,Partial body ,N/A,Adult,https://www.inaturalist.org/observations/50138616,2020,
iNat,Ranidae,Lithobates,Lithobates clamitans,1,"Vermont, USA",44.2831,-72.57078667,USA,Green,Blue/Turquoise,Partial body ,N/A,Adult,https://www.inaturalist.org/observations/81419089,2021,
iNat,Ranidae,Lithobates,Lithobates clamitans,1,"Vermont, USA",44.34026333,-71.877695,USA,Green,Blue/Turquoise,Partial body ,N/A,Adult,https://www.inaturalist.org/observations/33660841,2019,
iNat,Ranidae,Lithobates,Lithobates clamitans,1,"Vermont, USA",44.427105,-72.90415833,USA,Green,Blue,Partial body,N/A,Adult,https://www.inaturalist.org/observations/93879964,2021,
iNat,Ranidae,Lithobates,Lithobates clamitans,1,"Vermont, USA",44.54358667,-72.39804167,USA,Green,Blue,Partial body,N/A,Adult,https://www.inaturalist.org/observations/24702589,2019,
iNat,Ranidae,Lithobates,Lithobates clamitans,1,"Vermont, USA",44.54381667,-72.39776667,USA,Green,Blue/Turquoise,Whole body,N/A,Adult,https://www.inaturalist.org/observations/27221703,2019,mating
iNat,Ranidae,Lithobates,Lithobates clamitans,1,"Vermont, USA",44.73855169,-72.03668611,USA,Green,Blue/Turquoise,Partial body ,N/A,Adult,https://www.inaturalist.org/observations/64697808,2020,
Sci Lit,Ranidae,Lithobates,Lithobates clamitans,1,Virginia,-78.6569,37.4316,USA,,"light blue, deep blue, blue-green",,,,"Berns & Uhler, 1966, Jablonski et al. 2014",,
iNat,Ranidae,Lithobates,Lithobates clamitans,1,"Virginia, USA",37.92562167,-79.00284445,USA,Green,Blue/Turquoise,Partial body ,N/A,Adult,https://www.inaturalist.org/observations/80889568,2021,
iNat,Ranidae,Lithobates,Lithobates catesbeianus,1,"Virginia, USA",38.75754,-77.098453,USA,Green,Blue/Turquoise,Partial body ,N/A,Adult,https://www.inaturalist.org/observations/75677430,2021,
iNat,Ranidae,Lithobates,Lithobates catesbeianus,1,"Virginia, USA",38.86022634,-77.12217082,USA,Green,Blue/Turquoise,Partial body ,N/A,Adult,https://www.inaturalist.org/observations/50902563,2020,
iNat,Ranidae,Lithobates,Lithobates catesbeianus,1,"Washington, USA",47.67291333,-122.6849583,USA,Green,Blue/Turquoise,Partial body ,N/A,Adult,https://www.inaturalist.org/observations/85154908,2021,
iNat,Ranidae,Lithobates,Lithobates clamitans,1,"Wisconsin, MI",43.17629294,-87.89060388,USA,Green,Blue/Turquoise,Partial body ,N/A,Adult,https://www.inaturalist.org/observations/51933880,2020,
Sci Lit,Ranidae,Lithobates,Lithobates clamitans,69,"Wisconsin, Minnesota",,,USA,,"light blue, deep blue, blue-green",,,,"Berns & Uhler, 1966, Jablonski et al. 2014",,
Sci Lit,Ranidae,Lithobates,Lithobates pipiens,3,"Wisconsin, Minnesota",,,USA,,"light blue, deep blue, blue-green",,,,"Berns & Uhler, 1966, Jablonski et al. 2014",,
iNat,Ranidae,Lithobates,Lithobates clamitans,1,"Wisconsin, USA",43.24888683,-89.93328174,USA,Green,Blue/Turquoise,Partial body ,N/A,Adult,https://www.inaturalist.org/observations/68151738,2019,
iNat,Ranidae,Lithobates,Lithobates sylvaticus,1,"Wisconsin, USA",45.4560631,-92.41434605,USA,Brown/Green,Blue/Turquoise,Partial body ,N/A,Adult,https://www.inaturalist.org/observations/29522289,2019,
News or Social,Ranidae,Lithobates,Lithobates pipiens,1,"New Brunswick, Canada",-66.4619,46.5653,Canada,green,turquoise,partial body,,,https://www.cbc.ca/news/canada/new-brunswick/turquoise-northern-leopard-frog-1.4758365,2018,
News or Social,Ranidae,Lithobates,Lithobates pipiens,1,"Washington, USA",-120.7401,47.7511,USA,green,turquoise,partial body,,,https://www.ncwlife.com/little-blue-frog-makes-a-big-splash-in-moses-lake-rare-species-survey/,2019,
News or Social,Ranidae,Lithobates,Lithobates sphenocephalus,1,"Maryland, USA",-76.6413,39.0458,USA,green,blue,(no photo),,,https://www.stardem.com/news/local_news/rare-frog-find-reveals-strange-coincidence/article_7cd61ea4-dbfc-514b-a0e4-24616be8cf07.html,2020,
News or Social,Hylidae,Litoria,Litoria barringtonensis,1,Australia,133.7751,-25.2744,Australia,,,,,,https://twitter.com/jodirowley/status/1246921956915470337,,(twitter)
iNat,Hylidae,Litoria,Litoria fallax,1,"QLD, Australia",-26.713083,152.956492,,Green,Blue,Partial body ,N/A,Adult,https://www.inaturalist.org/observations/102590402,2021,
iNat,Mantellidae,Mantella,Mantella cf. crocea,2,Madagascar,-18.7064251,48.46934657,Madagascar,Green,Turquoise,Partial body ,N/A,Adult,https://www.inaturalist.org/observations/33998,2007,
Sci Lit,Hylidae,Agalychnis,Agalychnis dacnicolor,1,Mexico,-102.5528,23.6345,Mexico,green,blue,,normal  ,,Bagnara et al. 2007,,
Sci Lit,Ranidae,Pelophylax,Pelophylax plancyi,1,"Wei-hsiu Yuan, China",116.4074,39.9042,China,,blue,,,subadults,"Liu, 1931, Jablonski et al. 2014",,
Sci Lit,Ranidae,Pelophylax,Pelophylax plancyi,1,"Wei-hsiu Yuan, China",116.4074,39.9042,China,,blue,,,subadults,"Liu, 1931, Jablonski et al. 2014",,
Sci Lit,Ranidae,Pelophylax,Pelophylax plancyi,1,"Wei-hsiu Yuan, China",116.4074,39.9042,China,,blue,,,subadults,"Liu, 1931, Jablonski et al. 2014",,
Sci Lit,Ranidae,Pelophylax,Pelophylax plancyi,1,"Wei-hsiu Yuan, China",116.4074,39.9042,China,,blue,,,subadults,"Liu, 1931, Jablonski et al. 2014",,
Sci Lit,Ranidae,Pelophylax,Pelophylax plancyi,1,"Wei-hsiu Yuan, China",116.4074,39.9042,China,,blue,,,subadults,"Liu, 1931, Jablonski et al. 2014",,
Sci Lit,Ranidae,Pelophylax,Pelophylax plancyi,1,"Wei-hsiu Yuan, China",116.4074,39.9042,China,,blue,,,subadults,"Liu, 1931, Jablonski et al. 2014",,
Sci Lit,Ranidae,Pelophylax,Pelophylax plancyi,1,"Wei-hsiu Yuan, China",116.4074,39.9042,China,,blue,,,subadults,"Liu, 1931, Jablonski et al. 2014",,
iNat,Ranidae,Pelophylax,Pelophylax sp,1,Austria,47.4688284,9.592868969,Austria,Green/Brown,Turquoise/Brown,Partial body,N/A,Adult,https://www.inaturalist.org/observations/32604220,2019,
iNat,Ranidae,Pelophylax,Pelophylax sp,1,France,46.18129127,2.323937304,France,Green/Brown,Turquoise,Whole body,N/A,Adult,https://www.inaturalist.org/observations/20299743,2018,
iNat,Ranidae,Pelophylax,Pelophylax sp,1,France,46.45777778,-1.656944444,France,Green/Brown,Turquoise/Brown,Partial body,N/A,Adult,https://www.inaturalist.org/observations/57142133,2020,
iNat,Ranidae,Pelophylax,Pelophylax sp,1,France,47.4826612,-0.587821325,France,Green/Brown,Turquoise/Brown,Partial body,N/A,Adult,https://www.inaturalist.org/observations/61571566,2020,
iNat,Ranidae,Pelophylax,Pelophylax sp,1,Germany,48.63944167,9.105325,Germany,Green/Brown,Turquoise/Brown,Partial body,N/A,Adult,https://www.inaturalist.org/observations/57060776,2020,
iNat,Ranidae,Pelophylax,Pelophylax sp,1,Germany,50.66170343,12.55825338,Germany,Green/Brown,Turquoise,Partial body,N/A,Adult,https://www.inaturalist.org/observations/49489562,2020,
iNat,Ranidae,Pelophylax,Pelophylax ridibundus,1,Germany,52.18452124,13.88145132,Germany,Green/Brown,Turquoise,Whole body,N/A,Adult,https://www.inaturalist.org/observations/88965034,2021,
iNat,Ranidae,Pelophylax,Pelophylax sp,1,Germany,52.20494913,10.80410505,Germany,Green/Brown,Turquoise,Partial body,N/A,Adult,https://www.inaturalist.org/observations/86917054,2021,
iNat,Ranidae,Pelophylax,Pelophylax sp,1,Germany,52.2446,10.640089,Germany,Green,Turquoise,Partial body,N/A,Adult,https://www.inaturalist.org/observations/24401029,2019,
iNat,Ranidae,Pelophylax,Pelophylax sp,1,Germany,52.27124073,10.58385355,Germany,Green/Brown,Turquoise/Brown,Partial body,N/A,Adult,https://www.inaturalist.org/observations/13043017,2018,
iNat,Ranidae,Pelophylax,Pelophylax sp,1,Germany,52.274809,10.598062,Germany,Green/Brown,Turquoise/Brown,Partial body,N/A,Adult,https://www.inaturalist.org/observations/4109000,2016,
iNat,Ranidae,Pelophylax,Pelophylax sp,1,Germany,52.27561317,10.59848485,Germany,Green/Brown,Turquoise/Brown,Partial body,N/A,Adult,https://www.inaturalist.org/observations/13864083,2018,
iNat,Ranidae,Pelophylax,Pelophylax esculentus,1,Germany,52.470393,13.353736,Germany,Green/Brown,Turquoise,Partial body,N/A,Adult,https://www.inaturalist.org/observations/87406624,2021,
iNat,Ranidae,Pelophylax,Pelophylax sp,1,Germany,52.636355,13.41538833,Germany,Green/Brown,Turquoise,Partial body,N/A,Adult,https://www.inaturalist.org/observations/50908481,2020,
iNat,Ranidae,Pelophylax,Pelophylax sp,1,Germany,53.957318,13.173026,Germany,Green/Brown,Turquoise/Brown,Partial body,N/A,Adult,https://www.inaturalist.org/observations/57150782,2020,
iNat,Ranidae,Pelophylax,Pelophylax sp,1,Germany,54.07837205,13.80691385,Germany,Green/Brown,Turquoise/Brown,Partial body,N/A,Adult,https://www.inaturalist.org/observations/29859846,2019,
iNat,Ranidae,Pelophylax,Pelophylax bedriagae,1,Israel,32.94576323,35.71552161,Israel,Green/Brown,Turquoise,Whole body,N/A,Adult,https://www.inaturalist.org/observations/52456745,2020,
iNat,Ranidae,Pelophylax,Pelophylax sp,1,Italy,45.66820076,9.477232508,Italy,Green/Brown,Turquoise,Partial body,N/A,Adult,https://www.inaturalist.org/observations/82819838,2021,
iNat,Ranidae,Pelophylax,Pelophylax sp,1,Italy,38.00628752,12.8109689,Italy,Green/Brown,Turquoise/Brown,Partial body,N/A,Adult,https://www.inaturalist.org/observations/63503585,2020,
iNat,Ranidae,Pelophylax,Pelophylax sp,1,Netherlands,53.12863363,5.932912901,Netherlands,Green/Brown,Turquoise/Brown,Partial body,N/A,Adult,https://www.inaturalist.org/observations/62038284,2020,
iNat,Ranidae,Pelophylax,Pelophylax sp,1,Poland,52.10084841,19.70850641,Poland,Green/Brown,Turquoise,Partial body,N/A,Adult,https://www.inaturalist.org/observations/84152302,2021,
iNat,Ranidae,Pelophylax,Pelophylax sp,1,Poland,52.18422976,20.8000092,Poland,Green/Brown,Turquoise,Partial body,N/A,Adult,https://www.inaturalist.org/observations/83283249,2021,
iNat,Ranidae,Pelophylax,Pelophylax sp,1,Poland,53.07314333,16.09601333,Poland,Green/Brown,Turquoise,Partial body,N/A,Adult,https://www.inaturalist.org/observations/80533209,2021,
iNat,Ranidae,Pelophylax,Pelophylax sp,1,Poland,54.73736196,20.52033562,Poland,Green,Blue,Partial body,N/A,Adult,https://www.inaturalist.org/observations/90087453,2021,
iNat,Ranidae,Pelophylax,Pelophylax perezi,1,Portugal,38.43140556,-8.639455556,Portugal,Green/Brown,Turquoise,Partial body,N/A,Adult,https://www.inaturalist.org/observations/17161390,2017,
iNat,Ranidae,Pelophylax,Pelophylax perezi,1,Portugal,39.26854577,-7.443818353,Portugal,Green/Brown,Turquoise,Whole body,N/A,Adult,https://www.inaturalist.org/observations/74167047,2021,
iNat,Ranidae,Pelophylax,Pelophylax sp,1,Russia,52.63939167,13.33628833,Russia,Green/Brown,Turquoise,Partial body,N/A,Adult,https://www.inaturalist.org/observations/53390223,2020,
iNat,Ranidae,Pelophylax,Pelophylax ridibundus,1,Russia,57.73767615,39.74860879,Russia,Green/Brown,Turquoise,Partial body,N/A,Adult,https://www.inaturalist.org/observations/25099797,2008,
iNat,Ranidae,Pelophylax,Pelophylax sp,1,Russia,58.05518,38.2157,Russia,Green,Turquoise,Whole body,N/A,Adult,https://www.inaturalist.org/observations/20485955,2006,
iNat,Ranidae,Pelophylax,Pelophylax grafi,1,Spain,41.69073634,2.165395282,Spain,Green/Brown,Turquoise,Whole body,N/A,Adult,https://www.inaturalist.org/observations/83239415,2020,
iNat,Ranidae,Pelophylax,Pelophylax ridibundus,1,Switzerland,46.2586,6.290988889,Switzerland,Green/Brown,Turquoise,Partial body,N/A,Adult,https://www.inaturalist.org/observations/83801849,2021,
iNat,Ranidae,Pelophylax,Pelophylax sp,1,Switzerland,47.29124634,8.526930763,Switzerland,Green/Brown,Turquoise/Brown,Partial body,N/A,Adult,https://www.inaturalist.org/observations/59436499,2020,
iNat,Ranidae,Pelophylax,Pelophylax ridibundus,1,Ukraine,49.90601429,31.65059812,Ukraine,Green,Blue,Partial body,N/A,Adult,https://www.inaturalist.org/observations/91408179,2021,
Sci Lit,Ranidae,Pelophylax,Pelophylax nigromaculatus,1,"Wei-hsiu Yuan, China",116.4074,39.9042,China,,blue,,,,"Liu, 1931, Jablonski et al. 2014",,
iNat,Hylidae,Pseudacris,Pseudacris regilla,1,"British Columbia, Canada",48.65921333,-123.43048,Canada,Green,Blue/Turquoise,Partial body ,N/A,Adult,https://www.inaturalist.org/observations/48795689,2020,
iNat,Hylidae,Pseudacris,Pseudacris regilla,1,"British Columbia, Canada",48.82841209,-123.554835,Canada,Green,Blue,Partial body ,N/A,Adult,https://www.inaturalist.org/observations/4167010,2008,
iNat,Hylidae,Pseudacris,Pseudacris regilla,1,"British Columbia, Canada",49.00981389,-122.7453306,Canada,Green,Blue/Turquoise,Partial body ,N/A,Adult,https://www.inaturalist.org/observations/33610093,2019,
News or Social,Hylidae,Pseudacris,Pseudacris regilla,1,"California, USA",-119.4179,36.7783,USA,green,blue,whole body,,,http://now.humboldt.edu/news/rare-blue-frog-struts-its-stuff-at-nhm/,2008,
iNat,Hylidae,Pseudacris,Pseudacris regilla,1,"California, USA",41.0248,-123.6389917,USA,Green,Blue/Turquoise,Partial body ,N/A,Adult,https://www.inaturalist.org/observations/11347796,2018,
iNat,Hylidae,Pseudacris,Pseudacris regilla,1,"Oregon, USA",43.19805573,-124.027095,USA,Green,Blue,Partial body ,N/A,Adult,https://www.inaturalist.org/observations/47818594,2020,
iNat,Hylidae,Pseudacris,Pseudacris regilla,1,"Oregon, USA",43.73805919,-122.446617,USA,Green,Blue/Turquoise,Partial body ,N/A,Adult,https://www.inaturalist.org/observations/75494304,2021,
iNat,Hylidae,Pseudacris,Pseudacris regilla,1,"Oregon, USA",45.3840077,-122.7639851,USA,Green,Blue/Turquoise,Partial body ,N/A,Adult,https://www.inaturalist.org/observations/33510,2011,
iNat,Hylidae,Pseudacris,Pseudacris regilla,1,"Oregon, USA",45.423175,-122.23548,USA,Green,Blue/Turquoise,Partial body ,N/A,Adult,https://www.inaturalist.org/observations/82372968,2021,
iNat,Hylidae,Pseudacris,Pseudacris regilla,1,"Oregon, USA",45.825569,-123.116138,USA,Green,Blue,Partial body ,N/A,Adult,https://www.inaturalist.org/observations/100190747,2021,dead?
iNat,Hylidae,Pseudacris,Pseudacris regilla,1,"Washington, USA",47.82837645,-121.8278771,USA,Green,Blue/Turquoise,Partial body ,N/A,Adult,https://www.inaturalist.org/observations/85052790,2015,
iNat,Pyxicephalidae,Pyxicephalus,Pyxicephalus adspersus,1,South Africa,-24.6439779,28.69605699,South Africa,Green/Brown,Blue/Turquoise,Partial body ,N/A,Juvenile,https://www.inaturalist.org/observations/69823074,2021,
iNat,Bufonidae,Rhinella,Rhinella arenarum,1,Argentina,-38.08879,-63.435495,Argentina,Green/brown,Blue/Turquoise,Partial body ,N/A,Adult,https://www.inaturalist.org/observations/100055190,2021,
News or Social,Bufonidae,Rhinella,Rhinella diptycha,1,"Caacupé, Paraguay",-57.1492,-25.3888,Paraguay,brown,blue,whole body,,,https://www.facebook.com/photo?fbid=10226104633551503&set=pcb.4749736815078229,2021,facebook ASIH page
News or Social,,,"""greenfrog""",1,"Maine, USA",-69.4455,45.2538,USA,green,blue,partial body,,,https://bangordailynews.com/2017/08/23/news/mid-maine/maine-boy-finds-rare-blue-frog-in-grandparents-pigpen/,2017,
News or Social,,,"""greenfrog""",1,"Michigan, USA",-85.6024,44.3148,USA,green,blue,partial body,,,https://www.record-eagle.com/news/go/rare-blue-frog-found-in-kingsley/article_46964fa8-2b1c-5ae8-94bc-7334cc6433af.html,2018,
News or Social,,,"""greenfrog""",1,"Nova Scotia, Canada",-63.5467,45.0778,Canada,green,blue,partial body,,,https://www.cbc.ca/news/canada/nova-scotia/rare-blue-coloured-green-frog-found-in-nova-scotia-backyard-pond-1.3120205,2015,
News or Social,,,"""greenfrog""",1,"Ontario, USA",-117.6509,34.0633,USA,green,turquoise,partial body,,,https://meadowhawk.wordpress.com/2018/07/14/a-blue-green-frog/,2018,
News or Social,,,"""greenfrog""",1,"Pennsylvania, USA",-82.9071,40.4173,USA,green,turquoise,partial body,,,https://www.post-gazette.com/local/neighborhood/2019/09/16/Us-column-blue-frog-lobster-Fawn-Township-sweat-lodge-Lakota/stories/201909160033,2019,
News or Social,,,"""greenfrog""",1,"Quebec, Canada",56.1304,-106.3468,Canada,green,turquoise,whole body,,,https://www.infodimanche.com/actualites/actualite/317209/la-grenouille-bleue-du-parc-des-chutes#,2017,
News or Social,,,"""greenfrog""",1,"Wisconsin, USA",-88.7879,43.7844,USA,green,turquoise,partial body,,,https://www.postcrescent.com/story/life/2015/07/28/blue-frogs-among-summers-colorful-surprises/30780675/,2015,
News or Social,,,"""treefrog""",1,"Ontario, USA",-117.6509,34.0633,USA,green,blue,whole body,,,https://www.intelligencer.ca/news/blue-frog-shows-bell-creek-needs-protection-says-resident,2021,